SET FOREIGN_KEY_CHECKS = 0;

-- ----------------------------
-- Table structure for address
-- ----------------------------
DROP TABLE IF EXISTS `address`;
CREATE TABLE `address`  (
  `addrId` int(11) NOT NULL AUTO_INCREMENT COMMENT '地址id',
  `userId` int(11) NOT NULL DEFAULT 0 COMMENT '用户id',
  `addrProvince` varchar(50) CHARACTER SET utf8 COLLATE utf8_general_ci DEFAULT '' COMMENT '省份',
  `addrCity` varchar(50) CHARACTER SET utf8 COLLATE utf8_general_ci DEFAULT '' COMMENT '市',
  `addrArea` varchar(50) CHARACTER SET utf8 COLLATE utf8_general_ci DEFAULT '' COMMENT '区/县',
  `addrContent` varchar(255) CHARACTER SET utf8 COLLATE utf8_general_ci DEFAULT '' COMMENT '详细地址',
  `contactMan` varchar(20) CHARACTER SET utf8 COLLATE utf8_general_ci DEFAULT '' COMMENT '联系人',
  `contactPhone` varchar(20) CHARACTER SET utf8 COLLATE utf8_general_ci DEFAULT '' COMMENT '联系电话',
  `isDefault` int(1) DEFAULT 0 COMMENT '是否默认地址',
  `updateTime` timestamp NOT NULL DEFAULT CURRENT_TIMESTAMP ON UPDATE CURRENT_TIMESTAMP COMMENT '更新时间',
  PRIMARY KEY USING BTREE (`addrId`),
  INDEX `fk_userId` USING BTREE(`userId`),
  CONSTRAINT `fk_userId` FOREIGN KEY (`userId`) REFERENCES `users` (`userId`) ON DELETE RESTRICT ON UPDATE RESTRICT
) ENGINE = InnoDB AUTO_INCREMENT = 10018 CHARACTER SET = utf8 COLLATE = utf8_general_ci COMMENT = '地址表;' ROW_FORMAT = Compact;

-- ----------------------------
-- Records of address
-- ----------------------------
INSERT INTO `address` VALUES (10002, 3, '江苏省254', '南京市242', '鼓楼区72', '撒地方高速大', '李四11', '12322132654', 1, '2020-01-02 17:24:07');
INSERT INTO `address` VALUES (10003, 4, '江苏省', '南京市', '鼓楼区', '金陵2村1号', '王五', '123221322', 1, '2020-01-03 08:46:18');
INSERT INTO `address` VALUES (10007, 1, '江苏省', '南京市', '秦淮区', '三山街1111', 'zhangsan123', '13545124512', 1, '2020-01-07 15:39:21');
INSERT INTO `address` VALUES (10008, 1, '4343', '344343', '3434', 'dfsdffdfddf', 'fdsafads', '34343443', 0, '2020-01-07 15:39:06');
INSERT INTO `address` VALUES (10009, 1, '2332', '2332', '2332', '233232', '33223', '233232', 0, '2020-01-07 15:39:17');
INSERT INTO `address` VALUES (10010, 3, '423', '453453', '453453', '453453', '赵六11786', '13545124512', 0, '2020-01-02 17:04:51');
INSERT INTO `address` VALUES (10011, 20, 'js', 'nj', 'jnq', 'zsl', 'zhangsan20', '123456132', 0, '2020-01-02 17:19:41');
INSERT INTO `address` VALUES (10012, 1, '344343', '344343', '3443', '3443434343', '54343', '434343', 0, '2020-01-07 14:59:36');
INSERT INTO `address` VALUES (10013, 10, '江苏', '南京', '栖霞', '中铁青秀城', '李四', '15850763600', 0, '2020-01-06 13:55:25');
INSERT INTO `address` VALUES (10014, 6, '江西', '南昌', '景园小区8栋', '景园小区8栋502', '刘德华', '155632556632', 0, '2020-01-06 14:35:14');
INSERT INTO `address` VALUES (10017, 1, '江苏省', '南京市', '秦淮区', '御河街', '赵六188', '15956234512', 0, '2020-01-07 15:39:14');

-- ----------------------------
-- Table structure for cart
-- ----------------------------
DROP TABLE IF EXISTS `cart`;
CREATE TABLE `cart`  (
  `cartId` int(11) NOT NULL AUTO_INCREMENT COMMENT '购物车id',
  `userId` int(11) NOT NULL DEFAULT 0 COMMENT '用户id',
  `goodsCode` int(11) NOT NULL DEFAULT 0 COMMENT '商品编码',
  `goodsAmount` int(11) DEFAULT 0 COMMENT '商品数量',
  `createTime` varchar(50) CHARACTER SET utf8 COLLATE utf8_general_ci DEFAULT NULL COMMENT '创建时间',
  `updateTime` timestamp NOT NULL DEFAULT CURRENT_TIMESTAMP ON UPDATE CURRENT_TIMESTAMP COMMENT '更新时间',
  PRIMARY KEY USING BTREE (`cartId`),
  INDEX `fk_userId3` USING BTREE(`userId`),
  INDEX `fk_goodsCode3` USING BTREE(`goodsCode`),
  CONSTRAINT `fk_goodsCode3` FOREIGN KEY (`goodsCode`) REFERENCES `goods` (`goodsCode`) ON DELETE RESTRICT ON UPDATE RESTRICT,
  CONSTRAINT `fk_userId3` FOREIGN KEY (`userId`) REFERENCES `users` (`userId`) ON DELETE RESTRICT ON UPDATE RESTRICT
) ENGINE = InnoDB AUTO_INCREMENT = 100164 CHARACTER SET = utf8 COLLATE = utf8_general_ci COMMENT = '' ROW_FORMAT = Compact;

-- ----------------------------
-- Records of cart
-- ----------------------------
INSERT INTO `cart` VALUES (100088, 8, 46, 2, '2020-01-06 01:49:17', '2020-01-06 13:49:19');
INSERT INTO `cart` VALUES (100089, 8, 59, 4, '2020-01-06 01:49:28', '2020-01-06 13:49:30');
INSERT INTO `cart` VALUES (100092, 5, 55, 2, '2020-01-06 02:17:57', '2020-01-06 14:17:58');
INSERT INTO `cart` VALUES (100093, 5, 107, 3, '2020-01-06 02:18:22', '2020-01-06 14:18:24');
INSERT INTO `cart` VALUES (100094, 5, 108, 1, '2020-01-06 02:18:36', '2020-01-06 14:18:38');
INSERT INTO `cart` VALUES (100095, 3, 12, 1, '2020-01-06 02:20:55', '2020-01-06 14:20:56');
INSERT INTO `cart` VALUES (100096, 3, 2, 2, '2020-01-06 02:21:18', '2020-01-06 14:21:20');
INSERT INTO `cart` VALUES (100097, 3, 41, 1, '2020-01-06 02:21:29', '2020-01-06 14:21:31');
INSERT INTO `cart` VALUES (100098, 3, 56, 1, '2020-01-06 02:21:39', '2020-01-06 14:21:40');

-- ----------------------------
-- Table structure for category
-- ----------------------------
DROP TABLE IF EXISTS `category`;
CREATE TABLE `category`  (
  `categoryCode` int(11) NOT NULL AUTO_INCREMENT COMMENT '商品分类编码',
  `categoryName` varchar(100) CHARACTER SET utf8 COLLATE utf8_general_ci DEFAULT '' COMMENT '商品分类名称',
  `updateTime` timestamp NOT NULL DEFAULT CURRENT_TIMESTAMP ON UPDATE CURRENT_TIMESTAMP COMMENT '更新时间',
  PRIMARY KEY USING BTREE (`categoryCode`)
) ENGINE = InnoDB AUTO_INCREMENT = 15 CHARACTER SET = utf8 COLLATE = utf8_general_ci COMMENT = '商品分类表' ROW_FORMAT = Compact;

-- ----------------------------
-- Records of category
-- ----------------------------
INSERT INTO `category` VALUES (1, '蛋糕', '2019-12-26 17:14:13');
INSERT INTO `category` VALUES (2, '饼干', '2019-12-26 17:14:13');
INSERT INTO `category` VALUES (3, '肉类', '2019-12-26 17:14:13');
INSERT INTO `category` VALUES (4, '素食', '2019-12-26 17:14:13');
INSERT INTO `category` VALUES (5, '糖果', '2019-12-26 17:14:13');
INSERT INTO `category` VALUES (6, '花茶', '2019-12-26 17:14:13');
INSERT INTO `category` VALUES (7, '巧克力', '2019-12-26 17:14:13');
INSERT INTO `category` VALUES (8, '水果', '2019-12-31 10:05:40');
INSERT INTO `category` VALUES (9, '冷冻食品', '2019-12-31 10:31:51');
INSERT INTO `category` VALUES (10, '生鲜', '2020-01-03 09:33:52');
INSERT INTO `category` VALUES (13, '生鲜', '2020-01-03 09:33:52');
INSERT INTO `category` VALUES (14, '蛋糕', '2019-12-26 17:14:13');

-- ----------------------------
-- Table structure for goods
-- ----------------------------
DROP TABLE IF EXISTS `goods`;
CREATE TABLE `goods`  (
  `goodsCode` int(11) NOT NULL AUTO_INCREMENT COMMENT '商品编码',
  `goodsName` varchar(255) CHARACTER SET utf8 COLLATE utf8_general_ci DEFAULT '' COMMENT '商品名称',
  `categoryCode` int(11) NOT NULL DEFAULT 0 COMMENT '商品分类编码',
  `goodsModel` varchar(50) CHARACTER SET utf8 COLLATE utf8_general_ci DEFAULT '' COMMENT '商品型号',
  `goodsDesc` varchar(255) CHARACTER SET utf8 COLLATE utf8_general_ci DEFAULT '' COMMENT '商品描述',
  `goodsSalePrice` decimal(14, 2) DEFAULT 0.00 COMMENT '商品售价',
  `goodsPurchPrice` decimal(14, 2) DEFAULT 0.00 COMMENT '商品进价',
  `taxRate` decimal(14, 2) DEFAULT 0.00 COMMENT '税率',
  `productDate` varchar(50) CHARACTER SET utf8 COLLATE utf8_general_ci DEFAULT '' COMMENT '生产日期',
  `quality` int(11) DEFAULT 0 COMMENT '保质期',
  `updateTime` timestamp NOT NULL DEFAULT CURRENT_TIMESTAMP ON UPDATE CURRENT_TIMESTAMP COMMENT '更新时间',
  PRIMARY KEY USING BTREE (`goodsCode`),
  INDEX `fk_categoryCode` USING BTREE(`categoryCode`),
  CONSTRAINT `fk_categoryCode` FOREIGN KEY (`categoryCode`) REFERENCES `category` (`categoryCode`) ON DELETE RESTRICT ON UPDATE RESTRICT
) ENGINE = InnoDB AUTO_INCREMENT = 8586 CHARACTER SET = utf8 COLLATE = utf8_general_ci COMMENT = '商品表' ROW_FORMAT = Compact;

-- ----------------------------
-- Records of goods
-- ----------------------------
INSERT INTO `goods` VALUES (1, '牛奶1-1', 1, '超大', '测试描述222', 29.90, 19.60, 1.00, '2020-01-31', 28, '2020-01-06 14:20:29');
INSERT INTO `goods` VALUES (2, '乳酸菌小伴侣营养早餐蛋糕2', 1, '中', '描述2', 39.90, 19.60, 0.00, '2019-12-31', 28, '2020-01-06 14:02:55');
INSERT INTO `goods` VALUES (3, '乳酸菌小伴侣营养早餐蛋糕3', 1, '3', '商品描述3', 29.90, 19.60, 0.00, '2019-12-19', 18, '2020-01-06 14:04:31');
INSERT INTO `goods` VALUES (4, '乳酸菌小伴侣营养早餐蛋糕4', 1, '4', '描述4', 29.90, 19.60, 0.00, '2019-12-20', 28, '2020-01-02 11:17:48');
INSERT INTO `goods` VALUES (5, '乳酸菌小伴侣营养早餐蛋糕5', 1, '小', '描述3', 19.90, 9.60, 0.00, '2019-12-31', 31, '2020-01-02 11:17:48');
INSERT INTO `goods` VALUES (6, '乳酸菌小伴侣营养早餐蛋糕6', 1, '', '', 29.90, 19.60, 0.00, '2020-01-10', 0, '2020-01-06 15:03:24');
INSERT INTO `goods` VALUES (10, '乳酸菌小伴侣营养早餐蛋糕10', 1, '', '', 29.90, 19.60, 0.00, '2020-01-25', 0, '2020-01-06 14:05:42');
INSERT INTO `goods` VALUES (11, '乳酸菌小伴侣营养早餐蛋糕11', 1, '', '', 29.90, 19.60, 0.00, '', 0, '2020-01-02 11:17:48');
INSERT INTO `goods` VALUES (12, '三只松鼠饼干早餐12', 2, '', '', 19.90, 9.90, 0.00, '2020-01-02', 0, '2020-01-06 11:37:54');
INSERT INTO `goods` VALUES (14, '乳酸菌小伴侣营养早餐蛋糕14', 1, '', '', 29.90, 19.60, 0.00, '2020-01-02', 0, '2020-01-06 11:31:59');
INSERT INTO `goods` VALUES (15, '乳酸菌小伴侣营养早餐蛋糕15', 1, '', '', 29.90, 19.60, 0.00, '', 0, '2020-01-02 11:17:48');
INSERT INTO `goods` VALUES (16, '乳酸菌小伴侣营养早餐蛋糕16', 1, '', '', 29.90, 19.60, 0.00, '', 0, '2020-01-02 11:17:48');
INSERT INTO `goods` VALUES (17, '乳酸菌小伴侣营养早餐蛋糕17', 1, '', '', 29.90, 19.60, 0.00, '', 0, '2020-01-02 11:17:48');
INSERT INTO `goods` VALUES (18, '乳酸菌小伴侣营养早餐蛋糕18', 1, '', '', 29.90, 19.60, 0.00, '', 0, '2020-01-02 11:17:48');
INSERT INTO `goods` VALUES (19, '乳酸菌小伴侣营养早餐蛋糕19', 1, '', '', 29.90, 19.60, 0.00, '', 0, '2020-01-02 11:17:48');
INSERT INTO `goods` VALUES (20, '乳酸菌小伴侣营养早餐蛋糕20', 1, '', '', 29.90, 19.60, 0.00, '', 0, '2020-01-02 11:17:48');
INSERT INTO `goods` VALUES (21, '乳酸菌小伴侣营养早餐蛋糕21', 1, '', '', 29.90, 19.60, 0.00, '', 0, '2020-01-02 11:17:48');
INSERT INTO `goods` VALUES (22, '乳酸菌小伴侣营养早餐蛋糕22', 1, '', '', 29.90, 19.60, 0.00, '', 0, '2020-01-02 11:17:48');
INSERT INTO `goods` VALUES (23, '乳酸菌小伴侣营养早餐蛋糕23', 1, '', '', 29.90, 19.60, 0.00, '', 0, '2020-01-02 11:17:48');
INSERT INTO `goods` VALUES (24, '乳酸菌小伴侣营养早餐蛋糕24', 1, '', 'guandz', 29.90, 19.60, 0.00, '2019-01-01', 111, '2020-01-06 08:55:06');
INSERT INTO `goods` VALUES (25, '乳酸菌小伴侣营养早餐蛋糕25', 1, '', '', 29.90, 19.60, 0.00, '', 0, '2020-01-02 11:17:48');
INSERT INTO `goods` VALUES (26, '乳酸菌小伴侣营养早餐蛋糕26', 1, '', '', 29.90, 19.60, 0.00, '', 0, '2020-01-02 11:17:48');
INSERT INTO `goods` VALUES (27, '乳酸菌小伴侣营养早餐蛋糕27', 1, '', '', 29.90, 19.60, 0.00, '', 0, '2020-01-02 11:17:48');
INSERT INTO `goods` VALUES (28, '乳酸菌小伴侣营养早餐蛋糕28', 1, '', '', 29.90, 19.60, 0.00, '', 0, '2020-01-02 11:17:48');
INSERT INTO `goods` VALUES (29, '乳酸菌小伴侣营养早餐蛋糕29', 1, '', '', 29.90, 19.60, 0.00, '', 0, '2020-01-02 11:17:48');
INSERT INTO `goods` VALUES (30, '乳酸菌小伴侣营养早餐蛋糕30', 1, '', '', 29.90, 19.60, 0.00, '', 0, '2020-01-02 11:17:48');
INSERT INTO `goods` VALUES (31, '乳酸菌小伴侣营养早餐蛋糕31', 1, '', '', 29.90, 19.60, 0.00, '', 0, '2020-01-02 11:17:48');
INSERT INTO `goods` VALUES (32, '乳酸菌小伴侣营养早餐蛋糕32', 1, '', '', 29.90, 19.60, 0.00, '', 0, '2020-01-02 11:17:48');
INSERT INTO `goods` VALUES (33, '乳酸菌小伴侣营养早餐蛋糕33', 1, '', '', 29.90, 19.60, 0.00, '', 0, '2020-01-02 11:17:48');
INSERT INTO `goods` VALUES (34, '三只松鼠饼干早餐34', 2, '', '', 19.90, 9.90, 0.00, '', 0, '2020-01-02 11:17:48');
INSERT INTO `goods` VALUES (35, '三只松鼠饼干早餐35', 2, '', '', 19.90, 9.90, 0.00, '', 0, '2020-01-02 11:17:48');
INSERT INTO `goods` VALUES (36, '三只松鼠饼干早餐36', 2, '', '', 19.90, 9.90, 0.00, '', 0, '2020-01-02 11:17:48');
INSERT INTO `goods` VALUES (37, '三只松鼠饼干早餐37', 2, '', '', 19.90, 9.90, 0.00, '', 0, '2020-01-02 11:17:48');
INSERT INTO `goods` VALUES (38, '三只松鼠饼干早餐38', 2, '', '', 21.12, 9.90, 0.00, '', 0, '2020-01-03 14:46:28');
INSERT INTO `goods` VALUES (39, '三只松鼠饼干早餐39', 2, '', '', 41.00, 9.90, 0.00, '', 0, '2020-01-03 14:46:36');
INSERT INTO `goods` VALUES (40, '三只松鼠饼干早餐40', 2, '', '', 19.90, 9.90, 0.00, '', 0, '2020-01-02 11:17:48');
INSERT INTO `goods` VALUES (41, '三只松鼠饼干早餐41', 2, '', '', 19.90, 9.90, 0.00, '', 0, '2020-01-02 11:17:48');
INSERT INTO `goods` VALUES (42, '三只松鼠饼干早餐42', 2, '', '', 19.90, 9.90, 0.00, '', 0, '2020-01-02 11:17:48');
INSERT INTO `goods` VALUES (43, '三只松鼠饼干早餐43', 2, '', '', 19.90, 9.90, 0.00, '', 0, '2020-01-02 11:17:48');
INSERT INTO `goods` VALUES (45, '三只松鼠饼干早餐45', 2, '', '', 19.90, 9.90, 0.00, '', 0, '2020-01-02 11:17:48');
INSERT INTO `goods` VALUES (46, '三只松鼠饼干早餐46', 2, '', '', 19.90, 9.90, 0.00, '', 0, '2020-01-02 11:17:48');
INSERT INTO `goods` VALUES (47, '三只松鼠饼干早餐47', 2, '', '', 19.90, 9.90, 0.00, '', 0, '2020-01-02 11:17:48');
INSERT INTO `goods` VALUES (48, '三只松鼠饼干早餐48', 2, '', '', 19.90, 9.90, 0.00, '', 0, '2020-01-02 11:17:48');
INSERT INTO `goods` VALUES (49, '三只松鼠饼干早餐49', 2, '', '', 19.90, 9.90, 0.00, '', 0, '2020-01-02 11:17:48');
INSERT INTO `goods` VALUES (50, '三只松鼠饼干早餐50', 2, '', '', 19.90, 9.90, 0.00, '', 0, '2020-01-02 11:17:48');
INSERT INTO `goods` VALUES (51, '三只松鼠饼干早餐51', 2, '', '', 19.90, 9.90, 0.00, '', 0, '2020-01-02 11:17:48');
INSERT INTO `goods` VALUES (52, '三只松鼠饼干早餐52', 2, '', '', 19.90, 9.90, 0.00, '', 0, '2020-01-02 11:17:48');
INSERT INTO `goods` VALUES (53, '三只松鼠饼干早餐53', 2, '', '', 19.90, 9.90, 0.00, '', 0, '2020-01-02 11:17:48');
INSERT INTO `goods` VALUES (54, '三只松鼠饼干早餐54', 2, '', '', 19.90, 9.90, 0.00, '', 0, '2020-01-02 11:17:48');
INSERT INTO `goods` VALUES (55, '三只松鼠饼干早餐55', 2, '', '', 19.90, 9.90, 0.00, '', 0, '2020-01-02 11:17:48');
INSERT INTO `goods` VALUES (56, '三只松鼠饼干早餐56', 2, '', '', 19.90, 9.90, 0.00, '', 0, '2020-01-02 11:17:48');
INSERT INTO `goods` VALUES (57, '三只松鼠饼干早餐57', 2, '', '', 19.90, 9.90, 0.00, '', 0, '2020-01-02 11:17:48');
INSERT INTO `goods` VALUES (58, '三只松鼠饼干早餐58', 2, '', '', 19.90, 9.90, 0.00, '', 0, '2020-01-02 11:17:48');
INSERT INTO `goods` VALUES (59, '三只松鼠饼干早餐59', 2, '', '', 19.90, 9.90, 0.00, '', 0, '2020-01-02 11:17:48');
INSERT INTO `goods` VALUES (60, '三只松鼠饼干早餐60', 2, '', '', 19.90, 9.90, 0.00, '', 0, '2020-01-02 11:17:48');
INSERT INTO `goods` VALUES (61, '三只松鼠饼干早餐61', 2, '', '', 19.90, 9.90, 0.00, '', 0, '2020-01-02 11:17:48');
INSERT INTO `goods` VALUES (62, '三只松鼠饼干早餐62', 2, '', '', 19.90, 9.90, 0.00, '', 0, '2020-01-02 11:17:48');
INSERT INTO `goods` VALUES (63, '三只松鼠饼干早餐63', 2, '', '', 19.90, 9.90, 0.00, '', 0, '2020-01-02 11:17:48');
INSERT INTO `goods` VALUES (64, '三只松鼠饼干早餐64', 2, '', '', 19.90, 9.90, 0.00, '', 0, '2020-01-02 11:17:48');
INSERT INTO `goods` VALUES (65, '三只松鼠饼干早餐65', 2, '', '', 19.90, 9.90, 0.00, '', 0, '2020-01-02 11:17:48');
INSERT INTO `goods` VALUES (66, '三只松鼠饼干早餐66', 2, '', '', 19.90, 9.90, 0.00, '', 0, '2020-01-02 11:17:48');
INSERT INTO `goods` VALUES (67, '三只松鼠饼干早餐67', 2, '', '', 19.90, 9.90, 0.00, '', 0, '2020-01-02 11:17:48');
INSERT INTO `goods` VALUES (68, '乳酸菌小伴侣营养早餐蛋糕68', 1, '', '', 29.90, 19.60, 0.00, '', 0, '2020-01-02 11:17:48');
INSERT INTO `goods` VALUES (69, '乳酸菌小伴侣营养早餐蛋糕69', 1, '', '', 29.90, 19.60, 0.00, '', 0, '2020-01-02 11:17:48');
INSERT INTO `goods` VALUES (70, '乳酸菌小伴侣营养早餐蛋糕70', 1, '', '', 29.90, 19.60, 0.00, '', 0, '2020-01-02 11:17:48');
INSERT INTO `goods` VALUES (71, '乳酸菌小伴侣营养早餐蛋糕71', 1, '', '', 29.90, 19.60, 0.00, '', 0, '2020-01-02 11:17:48');
INSERT INTO `goods` VALUES (72, '乳酸菌小伴侣营养早餐蛋糕72', 1, '', '', 29.90, 19.60, 0.00, '', 0, '2020-01-02 11:17:48');
INSERT INTO `goods` VALUES (73, '乳酸菌小伴侣营养早餐蛋糕73', 1, '', '', 29.90, 19.60, 0.00, '', 0, '2020-01-02 11:17:48');
INSERT INTO `goods` VALUES (74, '乳酸菌小伴侣营养早餐蛋糕74', 1, '', '', 29.90, 19.60, 0.00, '', 0, '2020-01-02 11:17:48');
INSERT INTO `goods` VALUES (75, '乳酸菌小伴侣营养早餐蛋糕75', 1, '', '', 29.90, 19.60, 0.00, '', 0, '2020-01-02 11:17:48');
INSERT INTO `goods` VALUES (76, '乳酸菌小伴侣营养早餐蛋糕76', 1, '', '', 29.90, 19.60, 0.00, '', 0, '2020-01-02 11:17:48');
INSERT INTO `goods` VALUES (77, '乳酸菌小伴侣营养早餐蛋糕77', 1, '', '', 29.90, 19.60, 0.00, '', 0, '2020-01-02 11:17:48');
INSERT INTO `goods` VALUES (78, '乳酸菌小伴侣营养早餐蛋糕78', 1, '', '', 29.90, 19.60, 0.00, '', 0, '2020-01-02 11:17:48');
INSERT INTO `goods` VALUES (79, '乳酸菌小伴侣营养早餐蛋糕79', 1, '', '', 29.90, 19.60, 0.00, '', 0, '2020-01-02 11:17:48');
INSERT INTO `goods` VALUES (80, '乳酸菌小伴侣营养早餐蛋糕80', 1, '', '', 29.90, 19.60, 0.00, '', 0, '2020-01-02 11:17:48');
INSERT INTO `goods` VALUES (81, '乳酸菌小伴侣营养早餐蛋糕81', 1, '', '', 29.90, 19.60, 0.00, '', 0, '2020-01-02 11:17:48');
INSERT INTO `goods` VALUES (82, '乳酸菌小伴侣营养早餐蛋糕82', 1, '', '', 29.90, 19.60, 0.00, '', 0, '2020-01-02 11:17:48');
INSERT INTO `goods` VALUES (83, '乳酸菌小伴侣营养早餐蛋糕83', 1, '', '', 29.90, 19.60, 0.00, '', 0, '2020-01-02 11:17:48');
INSERT INTO `goods` VALUES (84, '乳酸菌小伴侣营养早餐蛋糕84', 1, '', '', 29.90, 19.60, 0.00, '2020-01-15', 0, '2020-01-06 14:21:46');
INSERT INTO `goods` VALUES (85, '乳酸菌小伴侣营养早餐蛋糕85', 1, '', '', 29.90, 19.60, 0.00, '', 0, '2020-01-02 11:17:48');
INSERT INTO `goods` VALUES (86, '乳酸菌小伴侣营养早餐蛋糕86', 1, '', '', 29.90, 19.60, 0.00, '', 0, '2020-01-02 11:17:48');
INSERT INTO `goods` VALUES (87, '乳酸菌小伴侣营养早餐蛋糕87', 1, '', '', 29.90, 19.60, 0.00, '', 0, '2020-01-02 11:17:48');
INSERT INTO `goods` VALUES (88, '乳酸菌小伴侣营养早餐蛋糕88', 1, '', '', 29.90, 19.60, 0.00, '', 0, '2020-01-02 11:17:48');
INSERT INTO `goods` VALUES (89, '乳酸菌小伴侣营养早餐蛋糕89', 1, '', '', 29.90, 19.60, 0.00, '', 0, '2020-01-02 11:17:48');
INSERT INTO `goods` VALUES (90, '乳酸菌小伴侣营养早餐蛋糕90', 1, '', '', 29.90, 19.60, 0.00, '', 0, '2020-01-02 11:17:48');
INSERT INTO `goods` VALUES (91, '乳酸菌小伴侣营养早餐蛋糕91', 1, '', '', 29.90, 19.60, 0.00, '', 0, '2020-01-02 11:17:48');
INSERT INTO `goods` VALUES (92, '乳酸菌小伴侣营养早餐蛋糕92', 1, '', '', 29.90, 19.60, 0.00, '', 0, '2020-01-02 11:17:48');
INSERT INTO `goods` VALUES (93, '乳酸菌小伴侣营养早餐蛋糕93', 1, '', '', 29.90, 19.60, 0.00, '', 0, '2020-01-02 11:17:48');
INSERT INTO `goods` VALUES (94, '乳酸菌小伴侣营养早餐蛋糕94', 1, '', '', 29.90, 19.60, 0.00, '', 0, '2020-01-02 11:17:48');
INSERT INTO `goods` VALUES (95, '乳酸菌小伴侣营养早餐蛋糕95', 1, '', '', 29.90, 19.60, 0.00, '', 0, '2020-01-02 11:17:48');
INSERT INTO `goods` VALUES (96, '乳酸菌小伴侣营养早餐蛋糕96', 1, '', '', 29.90, 19.60, 0.00, '', 0, '2020-01-02 11:17:48');
INSERT INTO `goods` VALUES (97, '乳酸菌小伴侣营养早餐蛋糕97', 1, '', '', 29.90, 19.60, 0.00, '', 0, '2020-01-02 11:17:48');
INSERT INTO `goods` VALUES (98, '乳酸菌小伴侣营养早餐蛋糕98', 1, '', '', 29.90, 19.60, 0.00, '', 0, '2020-01-02 11:17:48');
INSERT INTO `goods` VALUES (99, '乳酸菌小伴侣营养早餐蛋糕99', 1, '', '', 29.90, 19.60, 0.00, '', 0, '2020-01-02 11:17:48');
INSERT INTO `goods` VALUES (100, '乳酸菌小伴侣营养早餐蛋糕100', 1, '', '', 29.90, 19.60, 0.00, '', 0, '2020-01-02 11:17:48');
INSERT INTO `goods` VALUES (101, '三只松鼠饼干早餐101', 2, '', '', 19.90, 9.90, 0.00, '', 0, '2020-01-02 11:17:48');
INSERT INTO `goods` VALUES (102, '三只松鼠饼干早餐102', 2, '', '', 19.90, 9.90, 0.00, '', 0, '2020-01-02 11:17:48');
INSERT INTO `goods` VALUES (103, '三只松鼠饼干早餐103', 2, '', '', 19.90, 9.90, 0.00, '', 0, '2020-01-02 11:17:48');
INSERT INTO `goods` VALUES (104, '三只松鼠饼干早餐104', 2, '', '', 19.90, 9.90, 0.00, '', 0, '2020-01-02 11:17:48');
INSERT INTO `goods` VALUES (105, '三只松鼠饼干早餐105', 2, '', '', 19.90, 9.90, 0.00, '', 0, '2020-01-02 11:17:48');
INSERT INTO `goods` VALUES (106, '三只松鼠饼干早餐106', 2, '', '', 19.90, 9.90, 0.00, '', 0, '2020-01-02 11:17:48');
INSERT INTO `goods` VALUES (107, '三只松鼠饼干早餐107', 2, '', '', 19.90, 9.90, 0.00, '', 0, '2020-01-02 11:17:48');
INSERT INTO `goods` VALUES (108, '三只松鼠饼干早餐108', 2, '', '', 19.90, 9.90, 0.00, '', 0, '2020-01-02 11:17:48');
INSERT INTO `goods` VALUES (109, '三只松鼠饼干早餐109', 2, '', '', 19.90, 9.90, 0.00, '', 0, '2020-01-02 11:17:48');
INSERT INTO `goods` VALUES (110, '三只松鼠饼干早餐110', 2, '', '', 19.90, 9.90, 0.00, '', 0, '2020-01-02 11:17:48');
INSERT INTO `goods` VALUES (111, '三只松鼠饼干早餐111', 2, '', '', 19.90, 9.90, 0.00, '', 0, '2020-01-02 11:17:48');
INSERT INTO `goods` VALUES (112, '三只松鼠饼干早餐112', 2, '', '', 19.90, 9.90, 0.00, '', 0, '2020-01-02 11:17:48');
INSERT INTO `goods` VALUES (113, '三只松鼠饼干早餐113', 2, '', '', 19.90, 9.90, 0.00, '', 0, '2020-01-02 11:17:48');
INSERT INTO `goods` VALUES (114, '三只松鼠饼干早餐114', 2, '', '', 19.90, 9.90, 0.00, '', 0, '2020-01-02 11:17:48');
INSERT INTO `goods` VALUES (115, '三只松鼠饼干早餐115', 2, '', '', 19.90, 9.90, 0.00, '', 0, '2020-01-02 11:17:48');
INSERT INTO `goods` VALUES (116, '三只松鼠饼干早餐116', 2, '', '', 19.90, 9.90, 0.00, '', 0, '2020-01-02 11:17:48');
INSERT INTO `goods` VALUES (117, '三只松鼠饼干早餐117', 2, '', '', 19.90, 9.90, 0.00, '', 0, '2020-01-02 11:17:48');
INSERT INTO `goods` VALUES (118, '三只松鼠饼干早餐118', 2, '', '', 19.90, 9.90, 0.00, '', 0, '2020-01-02 11:17:48');
INSERT INTO `goods` VALUES (119, '三只松鼠饼干早餐119', 2, '', '', 19.90, 9.90, 0.00, '', 0, '2020-01-02 11:17:48');
INSERT INTO `goods` VALUES (120, '三只松鼠饼干早餐120', 2, '', '', 19.90, 9.90, 0.00, '', 0, '2020-01-02 11:17:48');
INSERT INTO `goods` VALUES (121, '三只松鼠饼干早餐121', 2, '', '', 19.90, 9.90, 0.00, '', 0, '2020-01-02 11:17:48');
INSERT INTO `goods` VALUES (122, '三只松鼠饼干早餐122', 2, '', '', 19.90, 9.90, 0.00, '', 0, '2020-01-02 11:17:48');
INSERT INTO `goods` VALUES (123, '三只松鼠饼干早餐123', 2, '', '', 19.90, 9.90, 0.00, '', 0, '2020-01-02 11:17:48');
INSERT INTO `goods` VALUES (124, '三只松鼠饼干早餐124', 2, '', '', 19.90, 9.90, 0.00, '', 0, '2020-01-02 11:17:48');
INSERT INTO `goods` VALUES (125, '三只松鼠饼干早餐125', 2, '', '', 19.90, 9.90, 0.00, '', 0, '2020-01-02 11:17:48');
INSERT INTO `goods` VALUES (126, '三只松鼠饼干早餐126', 2, '', '', 19.90, 9.90, 0.00, '', 0, '2020-01-02 11:17:48');
INSERT INTO `goods` VALUES (127, '三只松鼠饼干早餐127', 2, '', '', 19.90, 9.90, 0.00, '', 0, '2020-01-02 11:17:48');
INSERT INTO `goods` VALUES (128, '三只松鼠饼干早餐128', 2, '', '', 19.90, 9.90, 0.00, '', 0, '2020-01-02 11:17:48');
INSERT INTO `goods` VALUES (129, '三只松鼠饼干早餐129', 2, '', '', 19.90, 9.90, 0.00, '', 0, '2020-01-02 11:17:48');
INSERT INTO `goods` VALUES (130, '三只松鼠饼干早餐130', 2, '', '', 19.90, 9.90, 0.00, '', 0, '2020-01-02 11:17:48');
INSERT INTO `goods` VALUES (131, '三只松鼠饼干早餐131', 2, '', '', 19.90, 9.90, 0.00, '', 0, '2020-01-02 11:17:48');
INSERT INTO `goods` VALUES (132, '三只松鼠饼干早餐132', 2, '', '', 19.90, 9.90, 0.00, '', 0, '2020-01-02 11:17:48');
INSERT INTO `goods` VALUES (133, '三只松鼠饼干早餐133', 2, '', '', 19.90, 9.90, 0.00, '', 0, '2020-01-02 11:17:48');
INSERT INTO `goods` VALUES (134, '三只松鼠饼干早餐134', 2, '', '', 19.90, 9.90, 0.00, '', 0, '2020-01-02 11:17:48');
INSERT INTO `goods` VALUES (135, '乳酸菌小伴侣营养早餐蛋糕135', 1, '', '', 29.90, 19.60, 0.00, '', 0, '2020-01-02 11:17:48');
INSERT INTO `goods` VALUES (136, '乳酸菌小伴侣营养早餐蛋糕136', 1, '', '', 29.90, 19.60, 0.00, '', 0, '2020-01-02 11:17:48');
INSERT INTO `goods` VALUES (137, '乳酸菌小伴侣营养早餐蛋糕137', 1, '', '', 29.90, 19.60, 0.00, '', 0, '2020-01-02 11:17:48');
INSERT INTO `goods` VALUES (138, '乳酸菌小伴侣营养早餐蛋糕138', 1, '', '', 29.90, 19.60, 0.00, '', 0, '2020-01-02 11:17:48');
INSERT INTO `goods` VALUES (139, '乳酸菌小伴侣营养早餐蛋糕139', 1, '', '', 29.90, 19.60, 0.00, '', 0, '2020-01-02 11:17:48');
INSERT INTO `goods` VALUES (140, '乳酸菌小伴侣营养早餐蛋糕140', 1, '', '', 29.90, 19.60, 0.00, '', 0, '2020-01-02 11:17:48');
INSERT INTO `goods` VALUES (141, '乳酸菌小伴侣营养早餐蛋糕141', 1, '', '', 29.90, 19.60, 0.00, '', 0, '2020-01-02 11:17:48');
INSERT INTO `goods` VALUES (142, '乳酸菌小伴侣营养早餐蛋糕142', 1, '', '', 29.90, 19.60, 0.00, '', 0, '2020-01-02 11:17:48');
INSERT INTO `goods` VALUES (143, '乳酸菌小伴侣营养早餐蛋糕143', 1, '', '', 29.90, 19.60, 0.00, '', 0, '2020-01-02 11:17:48');
INSERT INTO `goods` VALUES (144, '乳酸菌小伴侣营养早餐蛋糕144', 1, '', '', 29.90, 19.60, 0.00, '', 0, '2020-01-02 11:17:48');
INSERT INTO `goods` VALUES (145, '乳酸菌小伴侣营养早餐蛋糕145', 1, '', '', 29.90, 19.60, 0.00, '', 0, '2020-01-02 11:17:48');
INSERT INTO `goods` VALUES (146, '乳酸菌小伴侣营养早餐蛋糕146', 1, '', '', 29.90, 19.60, 0.00, '', 0, '2020-01-02 11:17:48');
INSERT INTO `goods` VALUES (147, '乳酸菌小伴侣营养早餐蛋糕147', 1, '', '', 29.90, 19.60, 0.00, '', 0, '2020-01-02 11:17:48');
INSERT INTO `goods` VALUES (148, '乳酸菌小伴侣营养早餐蛋糕148', 1, '', '', 29.90, 19.60, 0.00, '', 0, '2020-01-02 11:17:48');
INSERT INTO `goods` VALUES (149, '乳酸菌小伴侣营养早餐蛋糕149', 1, '', '', 29.90, 19.60, 0.00, '', 0, '2020-01-02 11:17:48');
INSERT INTO `goods` VALUES (150, '乳酸菌小伴侣营养早餐蛋糕150', 1, '', '', 29.90, 19.60, 0.00, '', 0, '2020-01-02 11:17:48');
INSERT INTO `goods` VALUES (151, '乳酸菌小伴侣营养早餐蛋糕151', 1, '', '', 29.90, 19.60, 0.00, '', 0, '2020-01-02 11:17:48');
INSERT INTO `goods` VALUES (152, '乳酸菌小伴侣营养早餐蛋糕152', 1, '', '', 29.90, 19.60, 0.00, '', 0, '2020-01-02 11:17:48');
INSERT INTO `goods` VALUES (153, '乳酸菌小伴侣营养早餐蛋糕153', 1, '', '', 29.90, 19.60, 0.00, '', 0, '2020-01-02 11:17:48');
INSERT INTO `goods` VALUES (154, '乳酸菌小伴侣营养早餐蛋糕154', 1, '', '', 29.90, 19.60, 0.00, '', 0, '2020-01-02 11:17:48');
INSERT INTO `goods` VALUES (155, '乳酸菌小伴侣营养早餐蛋糕155', 1, '', '', 29.90, 19.60, 0.00, '', 0, '2020-01-02 11:17:48');
INSERT INTO `goods` VALUES (156, '乳酸菌小伴侣营养早餐蛋糕156', 1, '', '', 29.90, 19.60, 0.00, '', 0, '2020-01-02 11:17:48');
INSERT INTO `goods` VALUES (157, '乳酸菌小伴侣营养早餐蛋糕157', 1, '', '', 29.90, 19.60, 0.00, '', 0, '2020-01-02 11:17:48');
INSERT INTO `goods` VALUES (158, '乳酸菌小伴侣营养早餐蛋糕158', 1, '', '', 29.90, 19.60, 0.00, '', 0, '2020-01-02 11:17:48');
INSERT INTO `goods` VALUES (159, '乳酸菌小伴侣营养早餐蛋糕159', 1, '', '', 29.90, 19.60, 0.00, '', 0, '2020-01-02 11:17:48');
INSERT INTO `goods` VALUES (160, '乳酸菌小伴侣营养早餐蛋糕160', 1, '', '', 29.90, 19.60, 0.00, '', 0, '2020-01-02 11:17:48');
INSERT INTO `goods` VALUES (161, '乳酸菌小伴侣营养早餐蛋糕161', 1, '', '', 29.90, 19.60, 0.00, '', 0, '2020-01-02 11:17:48');
INSERT INTO `goods` VALUES (162, '乳酸菌小伴侣营养早餐蛋糕162', 1, '', '', 29.90, 19.60, 0.00, '', 0, '2020-01-02 11:17:48');
INSERT INTO `goods` VALUES (163, '乳酸菌小伴侣营养早餐蛋糕163', 1, '', '', 29.90, 19.60, 0.00, '', 0, '2020-01-02 11:17:48');
INSERT INTO `goods` VALUES (164, '乳酸菌小伴侣营养早餐蛋糕164', 1, '', '', 29.90, 19.60, 0.00, '', 0, '2020-01-02 11:17:48');
INSERT INTO `goods` VALUES (165, '乳酸菌小伴侣营养早餐蛋糕165', 1, '', '', 29.90, 19.60, 0.00, '', 0, '2020-01-02 11:17:48');
INSERT INTO `goods` VALUES (166, '乳酸菌小伴侣营养早餐蛋糕166', 1, '', '', 29.90, 19.60, 0.00, '', 0, '2020-01-02 11:17:48');
INSERT INTO `goods` VALUES (167, '乳酸菌小伴侣营养早餐蛋糕167', 1, '', '', 29.90, 19.60, 0.00, '', 0, '2020-01-02 11:17:48');
INSERT INTO `goods` VALUES (168, '三只松鼠饼干早餐168', 2, '', '', 19.90, 9.90, 0.00, '', 0, '2020-01-02 11:17:48');
INSERT INTO `goods` VALUES (169, '三只松鼠饼干早餐169', 2, '', '', 19.90, 9.90, 0.00, '', 0, '2020-01-02 11:17:48');
INSERT INTO `goods` VALUES (170, '三只松鼠饼干早餐170', 2, '', '', 19.90, 9.90, 0.00, '', 0, '2020-01-02 11:17:48');
INSERT INTO `goods` VALUES (171, '三只松鼠饼干早餐171', 2, '', '', 19.90, 9.90, 0.00, '', 0, '2020-01-02 11:17:48');
INSERT INTO `goods` VALUES (172, '三只松鼠饼干早餐172', 2, '', '', 19.90, 9.90, 0.00, '', 0, '2020-01-02 11:17:48');
INSERT INTO `goods` VALUES (173, '三只松鼠饼干早餐173', 2, '', '', 19.90, 9.90, 0.00, '', 0, '2020-01-02 11:17:48');
INSERT INTO `goods` VALUES (174, '三只松鼠饼干早餐174', 2, '', '', 19.90, 9.90, 0.00, '', 0, '2020-01-02 11:17:48');
INSERT INTO `goods` VALUES (175, '三只松鼠饼干早餐175', 2, '', '', 19.90, 9.90, 0.00, '', 0, '2020-01-02 11:17:48');
INSERT INTO `goods` VALUES (176, '三只松鼠饼干早餐176', 2, '', '', 19.90, 9.90, 0.00, '', 0, '2020-01-02 11:17:48');
INSERT INTO `goods` VALUES (177, '三只松鼠饼干早餐177', 2, '', '', 19.90, 9.90, 0.00, '', 0, '2020-01-02 11:17:48');
INSERT INTO `goods` VALUES (178, '三只松鼠饼干早餐178', 2, '', '', 19.90, 9.90, 0.00, '', 0, '2020-01-02 11:17:48');
INSERT INTO `goods` VALUES (179, '三只松鼠饼干早餐179', 2, '', '', 19.90, 9.90, 0.00, '', 0, '2020-01-02 11:17:48');
INSERT INTO `goods` VALUES (180, '三只松鼠饼干早餐180', 2, '', '', 19.90, 9.90, 0.00, '', 0, '2020-01-02 11:17:48');
INSERT INTO `goods` VALUES (181, '三只松鼠饼干早餐181', 2, '', '', 19.90, 9.90, 0.00, '', 0, '2020-01-02 11:17:48');
INSERT INTO `goods` VALUES (182, '三只松鼠饼干早餐182', 2, '', '', 19.90, 9.90, 0.00, '', 0, '2020-01-02 11:17:48');
INSERT INTO `goods` VALUES (183, '三只松鼠饼干早餐183', 2, '', '', 19.90, 9.90, 0.00, '', 0, '2020-01-02 11:17:48');
INSERT INTO `goods` VALUES (184, '三只松鼠饼干早餐184', 2, '', '', 19.90, 9.90, 0.00, '', 0, '2020-01-02 11:17:48');
INSERT INTO `goods` VALUES (185, '三只松鼠饼干早餐185', 2, '', '', 19.90, 9.90, 0.00, '', 0, '2020-01-02 11:17:48');
INSERT INTO `goods` VALUES (186, '三只松鼠饼干早餐186', 2, '', '', 19.90, 9.90, 0.00, '', 0, '2020-01-02 11:17:48');
INSERT INTO `goods` VALUES (187, '三只松鼠饼干早餐187', 2, '', '', 19.90, 9.90, 0.00, '', 0, '2020-01-02 11:17:48');
INSERT INTO `goods` VALUES (188, '三只松鼠饼干早餐188', 2, '', '', 19.90, 9.90, 0.00, '', 0, '2020-01-02 11:17:48');
INSERT INTO `goods` VALUES (189, '三只松鼠饼干早餐189', 2, '', '', 19.90, 9.90, 0.00, '', 0, '2020-01-02 11:17:48');
INSERT INTO `goods` VALUES (190, '三只松鼠饼干早餐190', 2, '', '', 19.90, 9.90, 0.00, '', 0, '2020-01-02 11:17:48');
INSERT INTO `goods` VALUES (191, '三只松鼠饼干早餐191', 2, '', '', 19.90, 9.90, 0.00, '', 0, '2020-01-02 11:17:48');
INSERT INTO `goods` VALUES (192, '三只松鼠饼干早餐192', 2, '', '', 19.90, 9.90, 0.00, '', 0, '2020-01-02 11:17:48');
INSERT INTO `goods` VALUES (193, '三只松鼠饼干早餐193', 2, '', '', 19.90, 9.90, 0.00, '', 0, '2020-01-02 11:17:48');
INSERT INTO `goods` VALUES (194, '三只松鼠饼干早餐194', 2, '', '', 19.90, 9.90, 0.00, '', 0, '2020-01-02 11:17:48');
INSERT INTO `goods` VALUES (195, '三只松鼠饼干早餐195', 2, '', '', 19.90, 9.90, 0.00, '', 0, '2020-01-02 11:17:48');
INSERT INTO `goods` VALUES (196, '三只松鼠饼干早餐196', 2, '', '', 19.90, 9.90, 0.00, '', 0, '2020-01-02 11:17:48');
INSERT INTO `goods` VALUES (197, '三只松鼠饼干早餐197', 2, '', '', 19.90, 9.90, 0.00, '', 0, '2020-01-02 11:17:48');
INSERT INTO `goods` VALUES (198, '三只松鼠饼干早餐198', 2, '', '', 19.90, 9.90, 0.00, '', 0, '2020-01-02 11:17:48');
INSERT INTO `goods` VALUES (199, '三只松鼠饼干早餐199', 2, '', '', 19.90, 9.90, 0.00, '', 0, '2020-01-02 11:17:48');
INSERT INTO `goods` VALUES (200, '三只松鼠饼干早餐200', 2, '', '', 19.90, 9.90, 0.00, '', 0, '2020-01-02 11:17:48');
INSERT INTO `goods` VALUES (201, '三只松鼠饼干早餐201', 2, '', '', 19.90, 9.90, 0.00, '', 0, '2020-01-02 11:17:48');
INSERT INTO `goods` VALUES (202, '乳酸菌小伴侣营养早餐蛋糕202', 1, '', '', 29.90, 19.60, 0.00, '', 0, '2020-01-02 11:17:48');
INSERT INTO `goods` VALUES (203, '乳酸菌小伴侣营养早餐蛋糕203', 1, '', '', 29.90, 19.60, 0.00, '', 0, '2020-01-02 11:17:48');
INSERT INTO `goods` VALUES (204, '乳酸菌小伴侣营养早餐蛋糕204', 1, '', '', 29.90, 19.60, 0.00, '', 0, '2020-01-02 11:17:48');
INSERT INTO `goods` VALUES (205, '乳酸菌小伴侣营养早餐蛋糕205', 1, '', '', 29.90, 19.60, 0.00, '', 0, '2020-01-02 11:17:48');
INSERT INTO `goods` VALUES (206, '乳酸菌小伴侣营养早餐蛋糕206', 1, '', '', 29.90, 19.60, 0.00, '', 0, '2020-01-02 11:17:48');
INSERT INTO `goods` VALUES (207, '乳酸菌小伴侣营养早餐蛋糕207', 1, '', '', 29.90, 19.60, 0.00, '', 0, '2020-01-02 11:17:48');
INSERT INTO `goods` VALUES (208, '乳酸菌小伴侣营养早餐蛋糕208', 1, '', '', 29.90, 19.60, 0.00, '', 0, '2020-01-02 11:17:48');
INSERT INTO `goods` VALUES (209, '乳酸菌小伴侣营养早餐蛋糕209', 1, '', '', 29.90, 19.60, 0.00, '', 0, '2020-01-02 11:17:48');
INSERT INTO `goods` VALUES (210, '乳酸菌小伴侣营养早餐蛋糕210', 1, '', '', 29.90, 19.60, 0.00, '', 0, '2020-01-02 11:17:48');
INSERT INTO `goods` VALUES (211, '乳酸菌小伴侣营养早餐蛋糕211', 1, '', '', 29.90, 19.60, 0.00, '', 0, '2020-01-02 11:17:48');
INSERT INTO `goods` VALUES (212, '乳酸菌小伴侣营养早餐蛋糕212', 1, '', '', 29.90, 19.60, 0.00, '', 0, '2020-01-02 11:17:48');
INSERT INTO `goods` VALUES (213, '乳酸菌小伴侣营养早餐蛋糕213', 1, '', '', 29.90, 19.60, 0.00, '', 0, '2020-01-02 11:17:48');
INSERT INTO `goods` VALUES (214, '乳酸菌小伴侣营养早餐蛋糕214', 1, '', '', 29.90, 19.60, 0.00, '', 0, '2020-01-02 11:17:48');
INSERT INTO `goods` VALUES (215, '乳酸菌小伴侣营养早餐蛋糕215', 1, '', '', 29.90, 19.60, 0.00, '', 0, '2020-01-02 11:17:48');
INSERT INTO `goods` VALUES (216, '乳酸菌小伴侣营养早餐蛋糕216', 1, '', '', 29.90, 19.60, 0.00, '', 0, '2020-01-02 11:17:48');
INSERT INTO `goods` VALUES (217, '乳酸菌小伴侣营养早餐蛋糕217', 1, '', '', 29.90, 19.60, 0.00, '', 0, '2020-01-02 11:17:48');
INSERT INTO `goods` VALUES (218, '乳酸菌小伴侣营养早餐蛋糕218', 1, '', '', 29.90, 19.60, 0.00, '', 0, '2020-01-02 11:17:48');
INSERT INTO `goods` VALUES (219, '乳酸菌小伴侣营养早餐蛋糕219', 1, '', '', 29.90, 19.60, 0.00, '', 0, '2020-01-02 11:17:48');
INSERT INTO `goods` VALUES (220, '乳酸菌小伴侣营养早餐蛋糕220', 1, '', '', 29.90, 19.60, 0.00, '', 0, '2020-01-02 11:17:48');
INSERT INTO `goods` VALUES (221, '乳酸菌小伴侣营养早餐蛋糕221', 1, '', '', 29.90, 19.60, 0.00, '', 0, '2020-01-02 11:17:48');
INSERT INTO `goods` VALUES (222, '乳酸菌小伴侣营养早餐蛋糕222', 1, '', '', 29.90, 19.60, 0.00, '', 0, '2020-01-02 11:17:48');
INSERT INTO `goods` VALUES (223, '乳酸菌小伴侣营养早餐蛋糕223', 1, '', '', 29.90, 19.60, 0.00, '', 0, '2020-01-02 11:17:48');
INSERT INTO `goods` VALUES (224, '乳酸菌小伴侣营养早餐蛋糕224', 1, '', '', 29.90, 19.60, 0.00, '', 0, '2020-01-02 11:17:48');
INSERT INTO `goods` VALUES (225, '乳酸菌小伴侣营养早餐蛋糕225', 1, '', '', 29.90, 19.60, 0.00, '', 0, '2020-01-02 11:17:48');
INSERT INTO `goods` VALUES (226, '乳酸菌小伴侣营养早餐蛋糕226', 1, '', '', 29.90, 19.60, 0.00, '', 0, '2020-01-02 11:17:48');
INSERT INTO `goods` VALUES (227, '乳酸菌小伴侣营养早餐蛋糕227', 1, '', '', 29.90, 19.60, 0.00, '', 0, '2020-01-02 11:17:48');
INSERT INTO `goods` VALUES (228, '乳酸菌小伴侣营养早餐蛋糕228', 1, '', '', 29.90, 19.60, 0.00, '', 0, '2020-01-02 11:17:48');
INSERT INTO `goods` VALUES (229, '乳酸菌小伴侣营养早餐蛋糕229', 1, '', '', 29.90, 19.60, 0.00, '', 0, '2020-01-02 11:17:48');
INSERT INTO `goods` VALUES (230, '乳酸菌小伴侣营养早餐蛋糕230', 1, '', '', 29.90, 19.60, 0.00, '', 0, '2020-01-02 11:17:48');
INSERT INTO `goods` VALUES (231, '乳酸菌小伴侣营养早餐蛋糕231', 1, '', '', 29.90, 19.60, 0.00, '', 0, '2020-01-02 11:17:48');
INSERT INTO `goods` VALUES (232, '乳酸菌小伴侣营养早餐蛋糕232', 1, '', '', 29.90, 19.60, 0.00, '', 0, '2020-01-02 11:17:48');
INSERT INTO `goods` VALUES (233, '乳酸菌小伴侣营养早餐蛋糕233', 1, '', '', 29.90, 19.60, 0.00, '', 0, '2020-01-02 11:17:48');
INSERT INTO `goods` VALUES (234, '乳酸菌小伴侣营养早餐蛋糕234', 1, '', '', 29.90, 19.60, 0.00, '', 0, '2020-01-02 11:17:48');
INSERT INTO `goods` VALUES (235, '三只松鼠饼干早餐235', 2, '', '', 19.90, 9.90, 0.00, '', 0, '2020-01-02 11:17:48');
INSERT INTO `goods` VALUES (236, '三只松鼠饼干早餐236', 2, '', '', 19.90, 9.90, 0.00, '', 0, '2020-01-02 11:17:48');
INSERT INTO `goods` VALUES (237, '三只松鼠饼干早餐237', 2, '', '', 19.90, 9.90, 0.00, '', 0, '2020-01-02 11:17:48');
INSERT INTO `goods` VALUES (238, '三只松鼠饼干早餐238', 2, '', '', 19.90, 9.90, 0.00, '', 0, '2020-01-02 11:17:48');
INSERT INTO `goods` VALUES (239, '三只松鼠饼干早餐239', 2, '', '', 19.90, 9.90, 0.00, '', 0, '2020-01-02 11:17:48');
INSERT INTO `goods` VALUES (240, '三只松鼠饼干早餐240', 2, '', '', 19.90, 9.90, 0.00, '', 0, '2020-01-02 11:17:48');
INSERT INTO `goods` VALUES (241, '三只松鼠饼干早餐241', 2, '', '', 19.90, 9.90, 0.00, '', 0, '2020-01-02 11:17:48');
INSERT INTO `goods` VALUES (242, '三只松鼠饼干早餐242', 2, '', '', 19.90, 9.90, 0.00, '', 0, '2020-01-02 11:17:48');
INSERT INTO `goods` VALUES (243, '三只松鼠饼干早餐243', 2, '', '', 19.90, 9.90, 0.00, '', 0, '2020-01-02 11:17:48');
INSERT INTO `goods` VALUES (244, '三只松鼠饼干早餐244', 2, '', '', 19.90, 9.90, 0.00, '', 0, '2020-01-02 11:17:48');
INSERT INTO `goods` VALUES (245, '三只松鼠饼干早餐245', 2, '', '', 19.90, 9.90, 0.00, '', 0, '2020-01-02 11:17:48');
INSERT INTO `goods` VALUES (246, '三只松鼠饼干早餐246', 2, '', '', 19.90, 9.90, 0.00, '', 0, '2020-01-02 11:17:48');
INSERT INTO `goods` VALUES (247, '三只松鼠饼干早餐247', 2, '', '', 19.90, 9.90, 0.00, '', 0, '2020-01-02 11:17:48');
INSERT INTO `goods` VALUES (248, '三只松鼠饼干早餐248', 2, '', '', 19.90, 9.90, 0.00, '', 0, '2020-01-02 11:17:48');
INSERT INTO `goods` VALUES (249, '三只松鼠饼干早餐249', 2, '', '', 19.90, 9.90, 0.00, '', 0, '2020-01-02 11:17:48');
INSERT INTO `goods` VALUES (250, '三只松鼠饼干早餐250', 2, '', '', 19.90, 9.90, 0.00, '', 0, '2020-01-02 11:17:48');
INSERT INTO `goods` VALUES (251, '三只松鼠饼干早餐251', 2, '', '', 19.90, 9.90, 0.00, '', 0, '2020-01-02 11:17:48');
INSERT INTO `goods` VALUES (252, '三只松鼠饼干早餐252', 2, '', '', 19.90, 9.90, 0.00, '', 0, '2020-01-02 11:17:48');
INSERT INTO `goods` VALUES (253, '三只松鼠饼干早餐253', 2, '', '', 19.90, 9.90, 0.00, '', 0, '2020-01-02 11:17:48');
INSERT INTO `goods` VALUES (254, '三只松鼠饼干早餐254', 2, '', '', 19.90, 9.90, 0.00, '', 0, '2020-01-02 11:17:48');
INSERT INTO `goods` VALUES (255, '三只松鼠饼干早餐255', 2, '', '', 19.90, 9.90, 0.00, '', 0, '2020-01-02 11:17:48');
INSERT INTO `goods` VALUES (256, '三只松鼠饼干早餐256', 2, '', '', 19.90, 9.90, 0.00, '', 0, '2020-01-02 11:17:48');
INSERT INTO `goods` VALUES (257, '三只松鼠饼干早餐257', 2, '', '', 19.90, 9.90, 0.00, '', 0, '2020-01-02 11:17:48');
INSERT INTO `goods` VALUES (258, '三只松鼠饼干早餐258', 2, '', '', 19.90, 9.90, 0.00, '', 0, '2020-01-02 11:17:48');
INSERT INTO `goods` VALUES (259, '三只松鼠饼干早餐259', 2, '', '', 19.90, 9.90, 0.00, '', 0, '2020-01-02 11:17:48');
INSERT INTO `goods` VALUES (260, '三只松鼠饼干早餐260', 2, '', '', 19.90, 9.90, 0.00, '', 0, '2020-01-02 11:17:48');
INSERT INTO `goods` VALUES (261, '三只松鼠饼干早餐261', 2, '', '', 19.90, 9.90, 0.00, '', 0, '2020-01-02 11:17:48');
INSERT INTO `goods` VALUES (262, '三只松鼠饼干早餐262', 2, '', '', 19.90, 9.90, 0.00, '', 0, '2020-01-02 11:17:48');
INSERT INTO `goods` VALUES (263, '三只松鼠饼干早餐263', 2, '', '', 19.90, 9.90, 0.00, '', 0, '2020-01-02 11:17:48');
INSERT INTO `goods` VALUES (264, '三只松鼠饼干早餐264', 2, '', '', 19.90, 9.90, 0.00, '', 0, '2020-01-02 11:17:48');
INSERT INTO `goods` VALUES (265, '三只松鼠饼干早餐265', 2, '', '', 19.90, 9.90, 0.00, '', 0, '2020-01-02 11:17:48');
INSERT INTO `goods` VALUES (266, '三只松鼠饼干早餐266', 2, '', '', 19.90, 9.90, 0.00, '', 0, '2020-01-02 11:17:48');
INSERT INTO `goods` VALUES (267, '三只松鼠饼干早餐267', 2, '', '', 19.90, 9.90, 0.00, '', 0, '2020-01-02 11:17:48');
INSERT INTO `goods` VALUES (268, '三只松鼠饼干早餐268', 2, '', '', 19.90, 9.90, 0.00, '', 0, '2020-01-02 11:17:48');
INSERT INTO `goods` VALUES (269, '乳酸菌小伴侣营养早餐蛋糕269', 1, '', '', 29.90, 19.60, 0.00, '', 0, '2020-01-02 11:17:48');
INSERT INTO `goods` VALUES (270, '乳酸菌小伴侣营养早餐蛋糕270', 1, '', '', 29.90, 19.60, 0.00, '', 0, '2020-01-02 11:17:48');
INSERT INTO `goods` VALUES (271, '乳酸菌小伴侣营养早餐蛋糕271', 1, '', '', 29.90, 19.60, 0.00, '', 0, '2020-01-02 11:17:48');
INSERT INTO `goods` VALUES (272, '乳酸菌小伴侣营养早餐蛋糕272', 1, '', '', 29.90, 19.60, 0.00, '', 0, '2020-01-02 11:17:48');
INSERT INTO `goods` VALUES (273, '乳酸菌小伴侣营养早餐蛋糕273', 1, '', '', 29.90, 19.60, 0.00, '', 0, '2020-01-02 11:17:48');
INSERT INTO `goods` VALUES (274, '乳酸菌小伴侣营养早餐蛋糕274', 1, '', '', 29.90, 19.60, 0.00, '', 0, '2020-01-02 11:17:48');
INSERT INTO `goods` VALUES (275, '乳酸菌小伴侣营养早餐蛋糕275', 1, '', '', 29.90, 19.60, 0.00, '', 0, '2020-01-02 11:17:48');
INSERT INTO `goods` VALUES (276, '乳酸菌小伴侣营养早餐蛋糕276', 1, '', '', 29.90, 19.60, 0.00, '', 0, '2020-01-02 11:17:48');
INSERT INTO `goods` VALUES (277, '乳酸菌小伴侣营养早餐蛋糕277', 1, '', '', 29.90, 19.60, 0.00, '', 0, '2020-01-02 11:17:48');
INSERT INTO `goods` VALUES (278, '乳酸菌小伴侣营养早餐蛋糕278', 1, '', '', 29.90, 19.60, 0.00, '', 0, '2020-01-02 11:17:48');
INSERT INTO `goods` VALUES (279, '乳酸菌小伴侣营养早餐蛋糕279', 1, '', '', 29.90, 19.60, 0.00, '', 0, '2020-01-02 11:17:48');
INSERT INTO `goods` VALUES (280, '乳酸菌小伴侣营养早餐蛋糕280', 1, '', '', 29.90, 19.60, 0.00, '', 0, '2020-01-02 11:17:48');
INSERT INTO `goods` VALUES (281, '乳酸菌小伴侣营养早餐蛋糕281', 1, '', '', 29.90, 19.60, 0.00, '', 0, '2020-01-02 11:17:48');
INSERT INTO `goods` VALUES (282, '乳酸菌小伴侣营养早餐蛋糕282', 1, '', '', 29.90, 19.60, 0.00, '', 0, '2020-01-02 11:17:48');
INSERT INTO `goods` VALUES (283, '乳酸菌小伴侣营养早餐蛋糕283', 1, '', '', 29.90, 19.60, 0.00, '', 0, '2020-01-02 11:17:48');
INSERT INTO `goods` VALUES (284, '乳酸菌小伴侣营养早餐蛋糕284', 1, '', '', 29.90, 19.60, 0.00, '', 0, '2020-01-02 11:17:48');
INSERT INTO `goods` VALUES (285, '乳酸菌小伴侣营养早餐蛋糕285', 1, '', '', 29.90, 19.60, 0.00, '', 0, '2020-01-02 11:17:48');
INSERT INTO `goods` VALUES (286, '乳酸菌小伴侣营养早餐蛋糕286', 1, '', '', 29.90, 19.60, 0.00, '', 0, '2020-01-02 11:17:48');
INSERT INTO `goods` VALUES (287, '乳酸菌小伴侣营养早餐蛋糕287', 1, '', '', 29.90, 19.60, 0.00, '', 0, '2020-01-02 11:17:48');
INSERT INTO `goods` VALUES (288, '乳酸菌小伴侣营养早餐蛋糕288', 1, '', '', 29.90, 19.60, 0.00, '', 0, '2020-01-02 11:17:48');
INSERT INTO `goods` VALUES (289, '乳酸菌小伴侣营养早餐蛋糕289', 1, '', '', 29.90, 19.60, 0.00, '', 0, '2020-01-02 11:17:48');
INSERT INTO `goods` VALUES (290, '乳酸菌小伴侣营养早餐蛋糕290', 1, '', '', 29.90, 19.60, 0.00, '', 0, '2020-01-02 11:17:48');
INSERT INTO `goods` VALUES (291, '乳酸菌小伴侣营养早餐蛋糕291', 1, '', '', 29.90, 19.60, 0.00, '', 0, '2020-01-02 11:17:48');
INSERT INTO `goods` VALUES (292, '乳酸菌小伴侣营养早餐蛋糕292', 1, '', '', 29.90, 19.60, 0.00, '', 0, '2020-01-02 11:17:48');
INSERT INTO `goods` VALUES (293, '乳酸菌小伴侣营养早餐蛋糕293', 1, '', '', 29.90, 19.60, 0.00, '', 0, '2020-01-02 11:17:48');
INSERT INTO `goods` VALUES (294, '乳酸菌小伴侣营养早餐蛋糕294', 1, '', '', 29.90, 19.60, 0.00, '', 0, '2020-01-02 11:17:48');
INSERT INTO `goods` VALUES (295, '乳酸菌小伴侣营养早餐蛋糕295', 1, '', '', 29.90, 19.60, 0.00, '', 0, '2020-01-02 11:17:48');
INSERT INTO `goods` VALUES (296, '乳酸菌小伴侣营养早餐蛋糕296', 1, '', '', 29.90, 19.60, 0.00, '', 0, '2020-01-02 11:17:48');
INSERT INTO `goods` VALUES (297, '乳酸菌小伴侣营养早餐蛋糕297', 1, '', '', 29.90, 19.60, 0.00, '', 0, '2020-01-02 11:17:48');
INSERT INTO `goods` VALUES (298, '乳酸菌小伴侣营养早餐蛋糕298', 1, '', '', 29.90, 19.60, 0.00, '', 0, '2020-01-02 11:17:48');
INSERT INTO `goods` VALUES (299, '乳酸菌小伴侣营养早餐蛋糕299', 1, '', '', 29.90, 19.60, 0.00, '', 0, '2020-01-02 11:17:48');
INSERT INTO `goods` VALUES (300, '乳酸菌小伴侣营养早餐蛋糕300', 1, '', '', 29.90, 19.60, 0.00, '', 0, '2020-01-02 11:17:48');
INSERT INTO `goods` VALUES (301, '乳酸菌小伴侣营养早餐蛋糕301', 1, '', '', 29.90, 19.60, 0.00, '', 0, '2020-01-02 11:17:48');
INSERT INTO `goods` VALUES (302, '三只松鼠饼干早餐302', 2, '', '', 19.90, 9.90, 0.00, '', 0, '2020-01-02 11:17:48');
INSERT INTO `goods` VALUES (303, '三只松鼠饼干早餐303', 2, '', '', 19.90, 9.90, 0.00, '', 0, '2020-01-02 11:17:48');
INSERT INTO `goods` VALUES (304, '三只松鼠饼干早餐304', 2, '', '', 19.90, 9.90, 0.00, '', 0, '2020-01-02 11:17:48');
INSERT INTO `goods` VALUES (305, '三只松鼠饼干早餐305', 2, '', '', 19.90, 9.90, 0.00, '', 0, '2020-01-02 11:17:48');
INSERT INTO `goods` VALUES (306, '三只松鼠饼干早餐306', 2, '', '', 19.90, 9.90, 0.00, '', 0, '2020-01-02 11:17:48');
INSERT INTO `goods` VALUES (307, '三只松鼠饼干早餐307', 2, '', '', 19.90, 9.90, 0.00, '', 0, '2020-01-02 11:17:48');
INSERT INTO `goods` VALUES (308, '三只松鼠饼干早餐308', 2, '', '', 19.90, 9.90, 0.00, '', 0, '2020-01-02 11:17:48');
INSERT INTO `goods` VALUES (309, '三只松鼠饼干早餐309', 2, '', '', 19.90, 9.90, 0.00, '', 0, '2020-01-02 11:17:48');
INSERT INTO `goods` VALUES (310, '三只松鼠饼干早餐310', 2, '', '', 19.90, 9.90, 0.00, '', 0, '2020-01-02 11:17:48');
INSERT INTO `goods` VALUES (311, '三只松鼠饼干早餐311', 2, '', '', 19.90, 9.90, 0.00, '', 0, '2020-01-02 11:17:48');
INSERT INTO `goods` VALUES (312, '三只松鼠饼干早餐312', 2, '', '', 19.90, 9.90, 0.00, '', 0, '2020-01-02 11:17:48');
INSERT INTO `goods` VALUES (313, '三只松鼠饼干早餐313', 2, '', '', 19.90, 9.90, 0.00, '', 0, '2020-01-02 11:17:48');
INSERT INTO `goods` VALUES (314, '三只松鼠饼干早餐314', 2, '', '', 19.90, 9.90, 0.00, '', 0, '2020-01-02 11:17:48');
INSERT INTO `goods` VALUES (315, '三只松鼠饼干早餐315', 2, '', '', 19.90, 9.90, 0.00, '', 0, '2020-01-02 11:17:48');
INSERT INTO `goods` VALUES (316, '三只松鼠饼干早餐316', 2, '', '', 19.90, 9.90, 0.00, '', 0, '2020-01-02 11:17:48');
INSERT INTO `goods` VALUES (317, '三只松鼠饼干早餐317', 2, '', '', 19.90, 9.90, 0.00, '', 0, '2020-01-02 11:17:48');
INSERT INTO `goods` VALUES (318, '三只松鼠饼干早餐318', 2, '', '', 19.90, 9.90, 0.00, '', 0, '2020-01-02 11:17:48');
INSERT INTO `goods` VALUES (319, '三只松鼠饼干早餐319', 2, '', '', 19.90, 9.90, 0.00, '', 0, '2020-01-02 11:17:48');
INSERT INTO `goods` VALUES (320, '三只松鼠饼干早餐320', 2, '', '', 19.90, 9.90, 0.00, '', 0, '2020-01-02 11:17:48');
INSERT INTO `goods` VALUES (321, '三只松鼠饼干早餐321', 2, '', '', 19.90, 9.90, 0.00, '', 0, '2020-01-02 11:17:48');
INSERT INTO `goods` VALUES (322, '三只松鼠饼干早餐322', 2, '', '', 19.90, 9.90, 0.00, '', 0, '2020-01-02 11:17:48');
INSERT INTO `goods` VALUES (323, '三只松鼠饼干早餐323', 2, '', '', 19.90, 9.90, 0.00, '', 0, '2020-01-02 11:17:48');
INSERT INTO `goods` VALUES (324, '三只松鼠饼干早餐324', 2, '', '', 19.90, 9.90, 0.00, '', 0, '2020-01-02 11:17:48');
INSERT INTO `goods` VALUES (325, '三只松鼠饼干早餐325', 2, '', '', 19.90, 9.90, 0.00, '', 0, '2020-01-02 11:17:48');
INSERT INTO `goods` VALUES (326, '三只松鼠饼干早餐326', 2, '', '', 19.90, 9.90, 0.00, '', 0, '2020-01-02 11:17:48');
INSERT INTO `goods` VALUES (327, '三只松鼠饼干早餐327', 2, '', '', 19.90, 9.90, 0.00, '', 0, '2020-01-02 11:17:48');
INSERT INTO `goods` VALUES (328, '三只松鼠饼干早餐328', 2, '', '', 19.90, 9.90, 0.00, '', 0, '2020-01-02 11:17:48');
INSERT INTO `goods` VALUES (329, '三只松鼠饼干早餐329', 2, '', '', 19.90, 9.90, 0.00, '', 0, '2020-01-02 11:17:48');
INSERT INTO `goods` VALUES (330, '三只松鼠饼干早餐330', 2, '', '', 19.90, 9.90, 0.00, '', 0, '2020-01-02 11:17:48');
INSERT INTO `goods` VALUES (331, '三只松鼠饼干早餐331', 2, '', '', 19.90, 9.90, 0.00, '', 0, '2020-01-02 11:17:48');
INSERT INTO `goods` VALUES (332, '三只松鼠饼干早餐332', 2, '', '', 19.90, 9.90, 0.00, '', 0, '2020-01-02 11:17:48');
INSERT INTO `goods` VALUES (333, '三只松鼠饼干早餐333', 2, '', '', 19.90, 9.90, 0.00, '', 0, '2020-01-02 11:17:48');
INSERT INTO `goods` VALUES (334, '三只松鼠饼干早餐334', 2, '', '', 19.90, 9.90, 0.00, '', 0, '2020-01-02 11:17:48');
INSERT INTO `goods` VALUES (335, '三只松鼠饼干早餐335', 2, '', '', 19.90, 9.90, 0.00, '', 0, '2020-01-02 11:17:48');
INSERT INTO `goods` VALUES (336, '乳酸菌小伴侣营养早餐蛋糕336', 1, '', '', 29.90, 19.60, 0.00, '', 0, '2020-01-02 11:17:48');
INSERT INTO `goods` VALUES (337, '乳酸菌小伴侣营养早餐蛋糕337', 1, '', '', 29.90, 19.60, 0.00, '', 0, '2020-01-02 11:17:48');
INSERT INTO `goods` VALUES (338, '乳酸菌小伴侣营养早餐蛋糕338', 1, '', '', 29.90, 19.60, 0.00, '', 0, '2020-01-02 11:17:48');
INSERT INTO `goods` VALUES (339, '乳酸菌小伴侣营养早餐蛋糕339', 1, '', '', 29.90, 19.60, 0.00, '', 0, '2020-01-02 11:17:48');
INSERT INTO `goods` VALUES (340, '乳酸菌小伴侣营养早餐蛋糕340', 1, '', '', 29.90, 19.60, 0.00, '', 0, '2020-01-02 11:17:48');
INSERT INTO `goods` VALUES (341, '乳酸菌小伴侣营养早餐蛋糕341', 1, '', '', 29.90, 19.60, 0.00, '', 0, '2020-01-02 11:17:48');
INSERT INTO `goods` VALUES (342, '乳酸菌小伴侣营养早餐蛋糕342', 1, '', '', 29.90, 19.60, 0.00, '', 0, '2020-01-02 11:17:48');
INSERT INTO `goods` VALUES (343, '乳酸菌小伴侣营养早餐蛋糕343', 1, '', '', 29.90, 19.60, 0.00, '', 0, '2020-01-02 11:17:48');
INSERT INTO `goods` VALUES (344, '乳酸菌小伴侣营养早餐蛋糕344', 1, '', '', 29.90, 19.60, 0.00, '', 0, '2020-01-02 11:17:48');
INSERT INTO `goods` VALUES (345, '乳酸菌小伴侣营养早餐蛋糕345', 1, '', '', 29.90, 19.60, 0.00, '', 0, '2020-01-02 11:17:48');
INSERT INTO `goods` VALUES (346, '乳酸菌小伴侣营养早餐蛋糕346', 1, '', '', 29.90, 19.60, 0.00, '', 0, '2020-01-02 11:17:48');
INSERT INTO `goods` VALUES (347, '乳酸菌小伴侣营养早餐蛋糕347', 1, '', '', 29.90, 19.60, 0.00, '', 0, '2020-01-02 11:17:48');
INSERT INTO `goods` VALUES (348, '乳酸菌小伴侣营养早餐蛋糕348', 1, '', '', 29.90, 19.60, 0.00, '', 0, '2020-01-02 11:17:48');
INSERT INTO `goods` VALUES (349, '乳酸菌小伴侣营养早餐蛋糕349', 1, '', '', 29.90, 19.60, 0.00, '', 0, '2020-01-02 11:17:48');
INSERT INTO `goods` VALUES (350, '乳酸菌小伴侣营养早餐蛋糕350', 1, '', '', 29.90, 19.60, 0.00, '', 0, '2020-01-02 11:17:48');
INSERT INTO `goods` VALUES (351, '乳酸菌小伴侣营养早餐蛋糕351', 1, '', '', 29.90, 19.60, 0.00, '', 0, '2020-01-02 11:17:48');
INSERT INTO `goods` VALUES (352, '乳酸菌小伴侣营养早餐蛋糕352', 1, '', '', 29.90, 19.60, 0.00, '', 0, '2020-01-02 11:17:48');
INSERT INTO `goods` VALUES (353, '乳酸菌小伴侣营养早餐蛋糕353', 1, '', '', 29.90, 19.60, 0.00, '', 0, '2020-01-02 11:17:48');
INSERT INTO `goods` VALUES (354, '乳酸菌小伴侣营养早餐蛋糕354', 1, '', '', 29.90, 19.60, 0.00, '', 0, '2020-01-02 11:17:48');
INSERT INTO `goods` VALUES (355, '乳酸菌小伴侣营养早餐蛋糕355', 1, '', '', 29.90, 19.60, 0.00, '', 0, '2020-01-02 11:17:48');
INSERT INTO `goods` VALUES (356, '乳酸菌小伴侣营养早餐蛋糕356', 1, '', '', 29.90, 19.60, 0.00, '', 0, '2020-01-02 11:17:48');
INSERT INTO `goods` VALUES (357, '乳酸菌小伴侣营养早餐蛋糕357', 1, '', '', 29.90, 19.60, 0.00, '', 0, '2020-01-02 11:17:48');
INSERT INTO `goods` VALUES (358, '乳酸菌小伴侣营养早餐蛋糕358', 1, '', '', 29.90, 19.60, 0.00, '', 0, '2020-01-02 11:17:48');
INSERT INTO `goods` VALUES (359, '乳酸菌小伴侣营养早餐蛋糕359', 1, '', '', 29.90, 19.60, 0.00, '', 0, '2020-01-02 11:17:48');
INSERT INTO `goods` VALUES (360, '乳酸菌小伴侣营养早餐蛋糕360', 1, '', '', 29.90, 19.60, 0.00, '', 0, '2020-01-02 11:17:48');
INSERT INTO `goods` VALUES (361, '乳酸菌小伴侣营养早餐蛋糕361', 1, '', '', 29.90, 19.60, 0.00, '', 0, '2020-01-02 11:17:48');
INSERT INTO `goods` VALUES (362, '乳酸菌小伴侣营养早餐蛋糕362', 1, '', '', 29.90, 19.60, 0.00, '', 0, '2020-01-02 11:17:48');
INSERT INTO `goods` VALUES (363, '乳酸菌小伴侣营养早餐蛋糕363', 1, '', '', 29.90, 19.60, 0.00, '', 0, '2020-01-02 11:17:48');
INSERT INTO `goods` VALUES (364, '乳酸菌小伴侣营养早餐蛋糕364', 1, '', '', 29.90, 19.60, 0.00, '', 0, '2020-01-02 11:17:48');
INSERT INTO `goods` VALUES (365, '乳酸菌小伴侣营养早餐蛋糕365', 1, '', '', 29.90, 19.60, 0.00, '', 0, '2020-01-02 11:17:48');
INSERT INTO `goods` VALUES (366, '乳酸菌小伴侣营养早餐蛋糕366', 1, '', '', 29.90, 19.60, 0.00, '', 0, '2020-01-02 11:17:48');
INSERT INTO `goods` VALUES (367, '乳酸菌小伴侣营养早餐蛋糕367', 1, '', '', 29.90, 19.60, 0.00, '', 0, '2020-01-02 11:17:48');
INSERT INTO `goods` VALUES (368, '乳酸菌小伴侣营养早餐蛋糕368', 1, '', '', 29.90, 19.60, 0.00, '', 0, '2020-01-02 11:17:48');
INSERT INTO `goods` VALUES (369, '三只松鼠饼干早餐369', 2, '', '', 19.90, 9.90, 0.00, '', 0, '2020-01-02 11:17:48');
INSERT INTO `goods` VALUES (370, '三只松鼠饼干早餐370', 2, '', '', 19.90, 9.90, 0.00, '', 0, '2020-01-02 11:17:48');
INSERT INTO `goods` VALUES (371, '三只松鼠饼干早餐371', 2, '', '', 19.90, 9.90, 0.00, '', 0, '2020-01-02 11:17:48');
INSERT INTO `goods` VALUES (372, '三只松鼠饼干早餐372', 2, '', '', 19.90, 9.90, 0.00, '', 0, '2020-01-02 11:17:48');
INSERT INTO `goods` VALUES (373, '三只松鼠饼干早餐373', 2, '', '', 19.90, 9.90, 0.00, '', 0, '2020-01-02 11:17:48');
INSERT INTO `goods` VALUES (374, '三只松鼠饼干早餐374', 2, '', '', 19.90, 9.90, 0.00, '', 0, '2020-01-02 11:17:48');
INSERT INTO `goods` VALUES (375, '三只松鼠饼干早餐375', 2, '', '', 19.90, 9.90, 0.00, '', 0, '2020-01-02 11:17:48');
INSERT INTO `goods` VALUES (376, '三只松鼠饼干早餐376', 2, '', '', 19.90, 9.90, 0.00, '', 0, '2020-01-02 11:17:48');
INSERT INTO `goods` VALUES (377, '三只松鼠饼干早餐377', 2, '', '', 19.90, 9.90, 0.00, '', 0, '2020-01-02 11:17:48');
INSERT INTO `goods` VALUES (378, '三只松鼠饼干早餐378', 2, '', '', 19.90, 9.90, 0.00, '', 0, '2020-01-02 11:17:48');
INSERT INTO `goods` VALUES (379, '三只松鼠饼干早餐379', 2, '', '', 19.90, 9.90, 0.00, '', 0, '2020-01-02 11:17:48');
INSERT INTO `goods` VALUES (380, '三只松鼠饼干早餐380', 2, '', '', 19.90, 9.90, 0.00, '', 0, '2020-01-02 11:17:48');
INSERT INTO `goods` VALUES (381, '三只松鼠饼干早餐381', 2, '', '', 19.90, 9.90, 0.00, '', 0, '2020-01-02 11:17:48');
INSERT INTO `goods` VALUES (382, '三只松鼠饼干早餐382', 2, '', '', 19.90, 9.90, 0.00, '', 0, '2020-01-02 11:17:48');
INSERT INTO `goods` VALUES (383, '三只松鼠饼干早餐383', 2, '', '', 19.90, 9.90, 0.00, '', 0, '2020-01-02 11:17:48');
INSERT INTO `goods` VALUES (384, '三只松鼠饼干早餐384', 2, '', '', 19.90, 9.90, 0.00, '', 0, '2020-01-02 11:17:48');
INSERT INTO `goods` VALUES (385, '三只松鼠饼干早餐385', 2, '', '', 19.90, 9.90, 0.00, '', 0, '2020-01-02 11:17:48');
INSERT INTO `goods` VALUES (386, '三只松鼠饼干早餐386', 2, '', '', 19.90, 9.90, 0.00, '', 0, '2020-01-02 11:17:48');
INSERT INTO `goods` VALUES (387, '三只松鼠饼干早餐387', 2, '', '', 19.90, 9.90, 0.00, '', 0, '2020-01-02 11:17:48');
INSERT INTO `goods` VALUES (388, '三只松鼠饼干早餐388', 2, '', '', 19.90, 9.90, 0.00, '', 0, '2020-01-02 11:17:48');
INSERT INTO `goods` VALUES (389, '三只松鼠饼干早餐389', 2, '', '', 19.90, 9.90, 0.00, '', 0, '2020-01-02 11:17:48');
INSERT INTO `goods` VALUES (390, '三只松鼠饼干早餐390', 2, '', '', 19.90, 9.90, 0.00, '', 0, '2020-01-02 11:17:48');
INSERT INTO `goods` VALUES (391, '三只松鼠饼干早餐391', 2, '', '', 19.90, 9.90, 0.00, '', 0, '2020-01-02 11:17:48');
INSERT INTO `goods` VALUES (392, '三只松鼠饼干早餐392', 2, '', '', 19.90, 9.90, 0.00, '', 0, '2020-01-02 11:17:48');
INSERT INTO `goods` VALUES (393, '三只松鼠饼干早餐393', 2, '', '', 19.90, 9.90, 0.00, '', 0, '2020-01-02 11:17:48');
INSERT INTO `goods` VALUES (394, '三只松鼠饼干早餐394', 2, '', '', 19.90, 9.90, 0.00, '', 0, '2020-01-02 11:17:48');
INSERT INTO `goods` VALUES (395, '三只松鼠饼干早餐395', 2, '', '', 19.90, 9.90, 0.00, '', 0, '2020-01-02 11:17:48');
INSERT INTO `goods` VALUES (396, '三只松鼠饼干早餐396', 2, '', '', 19.90, 9.90, 0.00, '', 0, '2020-01-02 11:17:48');
INSERT INTO `goods` VALUES (397, '三只松鼠饼干早餐397', 2, '', '', 19.90, 9.90, 0.00, '', 0, '2020-01-02 11:17:48');
INSERT INTO `goods` VALUES (398, '三只松鼠饼干早餐398', 2, '', '', 19.90, 9.90, 0.00, '', 0, '2020-01-02 11:17:48');
INSERT INTO `goods` VALUES (399, '三只松鼠饼干早餐399', 2, '', '', 19.90, 9.90, 0.00, '', 0, '2020-01-02 11:17:48');
INSERT INTO `goods` VALUES (400, '三只松鼠饼干早餐400', 2, '', '', 19.90, 9.90, 0.00, '', 0, '2020-01-02 11:17:48');
INSERT INTO `goods` VALUES (401, '三只松鼠饼干早餐401', 2, '', '', 19.90, 9.90, 0.00, '', 0, '2020-01-02 11:17:48');
INSERT INTO `goods` VALUES (402, '三只松鼠饼干早餐402', 2, '', '', 19.90, 9.90, 0.00, '', 0, '2020-01-02 11:17:48');
INSERT INTO `goods` VALUES (403, '乳酸菌小伴侣营养早餐蛋糕403', 1, '', '', 29.90, 19.60, 0.00, '', 0, '2020-01-02 11:17:48');
INSERT INTO `goods` VALUES (404, '乳酸菌小伴侣营养早餐蛋糕404', 1, '', '', 29.90, 19.60, 0.00, '', 0, '2020-01-02 11:17:48');
INSERT INTO `goods` VALUES (405, '乳酸菌小伴侣营养早餐蛋糕405', 1, '', '', 29.90, 19.60, 0.00, '', 0, '2020-01-02 11:17:48');
INSERT INTO `goods` VALUES (406, '乳酸菌小伴侣营养早餐蛋糕406', 1, '', '', 29.90, 19.60, 0.00, '', 0, '2020-01-02 11:17:48');
INSERT INTO `goods` VALUES (407, '乳酸菌小伴侣营养早餐蛋糕407', 1, '', '', 29.90, 19.60, 0.00, '', 0, '2020-01-02 11:17:48');
INSERT INTO `goods` VALUES (408, '乳酸菌小伴侣营养早餐蛋糕408', 1, '', '', 29.90, 19.60, 0.00, '', 0, '2020-01-02 11:17:48');
INSERT INTO `goods` VALUES (409, '乳酸菌小伴侣营养早餐蛋糕409', 1, '', '', 29.90, 19.60, 0.00, '', 0, '2020-01-02 11:17:48');
INSERT INTO `goods` VALUES (410, '乳酸菌小伴侣营养早餐蛋糕410', 1, '', '', 29.90, 19.60, 0.00, '', 0, '2020-01-02 11:17:48');
INSERT INTO `goods` VALUES (411, '乳酸菌小伴侣营养早餐蛋糕411', 1, '', '', 29.90, 19.60, 0.00, '', 0, '2020-01-02 11:17:48');
INSERT INTO `goods` VALUES (412, '乳酸菌小伴侣营养早餐蛋糕412', 1, '', '', 29.90, 19.60, 0.00, '', 0, '2020-01-02 11:17:48');
INSERT INTO `goods` VALUES (413, '乳酸菌小伴侣营养早餐蛋糕413', 1, '', '', 29.90, 19.60, 0.00, '', 0, '2020-01-02 11:17:48');
INSERT INTO `goods` VALUES (414, '乳酸菌小伴侣营养早餐蛋糕414', 1, '', '', 29.90, 19.60, 0.00, '', 0, '2020-01-02 11:17:48');
INSERT INTO `goods` VALUES (415, '乳酸菌小伴侣营养早餐蛋糕415', 1, '', '', 29.90, 19.60, 0.00, '', 0, '2020-01-02 11:17:48');
INSERT INTO `goods` VALUES (416, '乳酸菌小伴侣营养早餐蛋糕416', 1, '', '', 29.90, 19.60, 0.00, '', 0, '2020-01-02 11:17:48');
INSERT INTO `goods` VALUES (417, '乳酸菌小伴侣营养早餐蛋糕417', 1, '', '', 29.90, 19.60, 0.00, '', 0, '2020-01-02 11:17:48');
INSERT INTO `goods` VALUES (418, '乳酸菌小伴侣营养早餐蛋糕418', 1, '', '', 29.90, 19.60, 0.00, '', 0, '2020-01-02 11:17:48');
INSERT INTO `goods` VALUES (419, '乳酸菌小伴侣营养早餐蛋糕419', 1, '', '', 29.90, 19.60, 0.00, '', 0, '2020-01-02 11:17:48');
INSERT INTO `goods` VALUES (420, '乳酸菌小伴侣营养早餐蛋糕420', 1, '', '', 29.90, 19.60, 0.00, '', 0, '2020-01-02 11:17:48');
INSERT INTO `goods` VALUES (421, '乳酸菌小伴侣营养早餐蛋糕421', 1, '', '', 29.90, 19.60, 0.00, '', 0, '2020-01-02 11:17:48');
INSERT INTO `goods` VALUES (422, '乳酸菌小伴侣营养早餐蛋糕422', 1, '', '', 29.90, 19.60, 0.00, '', 0, '2020-01-02 11:17:48');
INSERT INTO `goods` VALUES (423, '乳酸菌小伴侣营养早餐蛋糕423', 1, '', '', 29.90, 19.60, 0.00, '', 0, '2020-01-02 11:17:48');
INSERT INTO `goods` VALUES (424, '乳酸菌小伴侣营养早餐蛋糕424', 1, '', '', 29.90, 19.60, 0.00, '', 0, '2020-01-02 11:17:48');
INSERT INTO `goods` VALUES (425, '乳酸菌小伴侣营养早餐蛋糕425', 1, '', '', 29.90, 19.60, 0.00, '', 0, '2020-01-02 11:17:48');
INSERT INTO `goods` VALUES (426, '乳酸菌小伴侣营养早餐蛋糕426', 1, '', '', 29.90, 19.60, 0.00, '', 0, '2020-01-02 11:17:48');
INSERT INTO `goods` VALUES (427, '乳酸菌小伴侣营养早餐蛋糕427', 1, '', '', 29.90, 19.60, 0.00, '', 0, '2020-01-02 11:17:48');
INSERT INTO `goods` VALUES (428, '乳酸菌小伴侣营养早餐蛋糕428', 1, '', '', 29.90, 19.60, 0.00, '', 0, '2020-01-02 11:17:48');
INSERT INTO `goods` VALUES (429, '乳酸菌小伴侣营养早餐蛋糕429', 1, '', '', 29.90, 19.60, 0.00, '', 0, '2020-01-02 11:17:48');
INSERT INTO `goods` VALUES (430, '乳酸菌小伴侣营养早餐蛋糕430', 1, '', '', 29.90, 19.60, 0.00, '', 0, '2020-01-02 11:17:48');
INSERT INTO `goods` VALUES (431, '乳酸菌小伴侣营养早餐蛋糕431', 1, '', '', 29.90, 19.60, 0.00, '', 0, '2020-01-02 11:17:48');
INSERT INTO `goods` VALUES (432, '乳酸菌小伴侣营养早餐蛋糕432', 1, '', '', 29.90, 19.60, 0.00, '', 0, '2020-01-02 11:17:48');
INSERT INTO `goods` VALUES (433, '乳酸菌小伴侣营养早餐蛋糕433', 1, '', '', 29.90, 19.60, 0.00, '', 0, '2020-01-02 11:17:48');
INSERT INTO `goods` VALUES (434, '乳酸菌小伴侣营养早餐蛋糕434', 1, '', '', 29.90, 19.60, 0.00, '', 0, '2020-01-02 11:17:48');
INSERT INTO `goods` VALUES (435, '乳酸菌小伴侣营养早餐蛋糕435', 1, '', '', 29.90, 19.60, 0.00, '', 0, '2020-01-02 11:17:48');
INSERT INTO `goods` VALUES (436, '三只松鼠饼干早餐436', 2, '', '', 19.90, 9.90, 0.00, '', 0, '2020-01-02 11:17:48');
INSERT INTO `goods` VALUES (437, '三只松鼠饼干早餐437', 2, '', '', 19.90, 9.90, 0.00, '', 0, '2020-01-02 11:17:48');
INSERT INTO `goods` VALUES (438, '三只松鼠饼干早餐438', 2, '', '', 19.90, 9.90, 0.00, '', 0, '2020-01-02 11:17:48');
INSERT INTO `goods` VALUES (439, '三只松鼠饼干早餐439', 2, '', '', 19.90, 9.90, 0.00, '', 0, '2020-01-02 11:17:48');
INSERT INTO `goods` VALUES (440, '三只松鼠饼干早餐440', 2, '', '', 19.90, 9.90, 0.00, '', 0, '2020-01-02 11:17:48');
INSERT INTO `goods` VALUES (441, '三只松鼠饼干早餐441', 2, '', '', 19.90, 9.90, 0.00, '', 0, '2020-01-02 11:17:48');
INSERT INTO `goods` VALUES (442, '三只松鼠饼干早餐442', 2, '', '', 19.90, 9.90, 0.00, '', 0, '2020-01-02 11:17:48');
INSERT INTO `goods` VALUES (443, '三只松鼠饼干早餐443', 2, '', '', 19.90, 9.90, 0.00, '', 0, '2020-01-02 11:17:48');
INSERT INTO `goods` VALUES (444, '三只松鼠饼干早餐444', 2, '', '', 19.90, 9.90, 0.00, '', 0, '2020-01-02 11:17:48');
INSERT INTO `goods` VALUES (445, '三只松鼠饼干早餐445', 2, '', '', 19.90, 9.90, 0.00, '', 0, '2020-01-02 11:17:48');
INSERT INTO `goods` VALUES (446, '三只松鼠饼干早餐446', 2, '', '', 19.90, 9.90, 0.00, '', 0, '2020-01-02 11:17:48');
INSERT INTO `goods` VALUES (447, '三只松鼠饼干早餐447', 2, '', '', 19.90, 9.90, 0.00, '', 0, '2020-01-02 11:17:48');
INSERT INTO `goods` VALUES (448, '三只松鼠饼干早餐448', 2, '', '', 19.90, 9.90, 0.00, '', 0, '2020-01-02 11:17:48');
INSERT INTO `goods` VALUES (449, '三只松鼠饼干早餐449', 2, '', '', 19.90, 9.90, 0.00, '', 0, '2020-01-02 11:17:48');
INSERT INTO `goods` VALUES (450, '三只松鼠饼干早餐450', 2, '', '', 19.90, 9.90, 0.00, '', 0, '2020-01-02 11:17:48');
INSERT INTO `goods` VALUES (451, '三只松鼠饼干早餐451', 2, '', '', 19.90, 9.90, 0.00, '', 0, '2020-01-02 11:17:48');
INSERT INTO `goods` VALUES (452, '三只松鼠饼干早餐452', 2, '', '', 19.90, 9.90, 0.00, '', 0, '2020-01-02 11:17:48');
INSERT INTO `goods` VALUES (453, '三只松鼠饼干早餐453', 2, '', '', 19.90, 9.90, 0.00, '', 0, '2020-01-02 11:17:48');
INSERT INTO `goods` VALUES (455, '三只松鼠饼干早餐455', 2, '', '', 19.90, 9.90, 0.00, '', 0, '2020-01-02 11:17:48');
INSERT INTO `goods` VALUES (456, '三只松鼠饼干早餐456', 2, '', '', 19.90, 9.90, 0.00, '', 0, '2020-01-02 11:17:48');
INSERT INTO `goods` VALUES (457, '三只松鼠饼干早餐457', 2, '', '', 19.90, 9.90, 0.00, '', 0, '2020-01-02 11:17:48');
INSERT INTO `goods` VALUES (458, '三只松鼠饼干早餐458', 2, '', '', 19.90, 9.90, 0.00, '', 0, '2020-01-02 11:17:48');
INSERT INTO `goods` VALUES (459, '三只松鼠饼干早餐459', 2, '', '', 19.90, 9.90, 0.00, '', 0, '2020-01-02 11:17:48');
INSERT INTO `goods` VALUES (460, '三只松鼠饼干早餐460', 2, '', '', 19.90, 9.90, 0.00, '2019-12-20', 0, '2020-01-02 11:32:52');
INSERT INTO `goods` VALUES (461, '三只松鼠饼干早餐461', 2, '', '', 19.90, 9.90, 0.00, '', 0, '2020-01-02 11:17:48');
INSERT INTO `goods` VALUES (462, '三只松鼠饼干早餐462', 2, '', '', 19.90, 9.90, 0.00, '', 0, '2020-01-02 11:17:48');
INSERT INTO `goods` VALUES (463, '三只松鼠饼干早餐463', 2, '', '', 19.90, 9.90, 0.00, '', 0, '2020-01-02 11:17:48');
INSERT INTO `goods` VALUES (464, '三只松鼠饼干早餐464', 2, '', '', 19.90, 9.90, 0.00, '', 0, '2020-01-02 11:17:48');
INSERT INTO `goods` VALUES (465, '三只松鼠饼干早餐465', 2, '', '', 19.90, 9.90, 0.00, '', 0, '2020-01-02 11:17:48');
INSERT INTO `goods` VALUES (466, '三只松鼠饼干早餐466', 2, '', '', 19.90, 9.90, 0.00, '', 0, '2020-01-02 11:17:48');
INSERT INTO `goods` VALUES (467, '三只松鼠饼干早餐467', 2, '', '', 19.90, 9.90, 0.00, '', 0, '2020-01-02 11:17:48');
INSERT INTO `goods` VALUES (468, '三只松鼠饼干早餐468', 2, '', '', 19.90, 9.90, 0.00, '', 0, '2020-01-02 11:17:48');
INSERT INTO `goods` VALUES (469, '三只松鼠饼干早餐469', 2, '', '', 19.90, 9.90, 0.00, '', 0, '2020-01-02 11:17:48');
INSERT INTO `goods` VALUES (470, '乳酸菌小伴侣营养早餐蛋糕222222470', 1, '', '', 299.90, 199.60, 0.00, '2019-12-20', 365, '2020-01-02 11:17:48');
INSERT INTO `goods` VALUES (471, '乳酸菌小伴侣营养早餐蛋糕471', 1, '', '', 29.90, 19.60, 0.00, '', 0, '2020-01-02 11:17:48');
INSERT INTO `goods` VALUES (472, '乳酸菌小伴侣营养早餐蛋糕472', 1, '', '', 29.90, 19.60, 0.00, '', 0, '2020-01-02 11:17:48');
INSERT INTO `goods` VALUES (473, '乳酸菌小伴侣营养早餐蛋糕473', 1, '', '', 29.90, 19.60, 0.00, '', 0, '2020-01-02 11:17:48');
INSERT INTO `goods` VALUES (474, '乳酸菌小伴侣营养早餐蛋糕474', 1, '', '', 29.90, 19.60, 0.00, '', 0, '2020-01-02 11:17:48');
INSERT INTO `goods` VALUES (475, '乳酸菌小伴侣营养早餐蛋糕475', 1, '', '', 29.90, 19.60, 0.00, '', 0, '2020-01-02 11:17:48');
INSERT INTO `goods` VALUES (476, '乳酸菌小伴侣营养早餐蛋糕476', 1, '大', '213', 29.90, 19.60, 0.00, '2019-12-31', 30, '2020-01-03 10:33:50');
INSERT INTO `goods` VALUES (8582, '巧克力8582', 3, '233232', '11111111', 233232.00, 233232.00, 2.00, '2019-01-01', 323232, '2020-01-02 11:17:48');
INSERT INTO `goods` VALUES (8583, '手套', 3, '233232', '手套...', 323232.00, 232332.00, 20000.00, '2019-01-01', 15, '2020-01-02 16:21:44');
INSERT INTO `goods` VALUES (8584, '玉龙后腿肉', 3, '黑猪肉', '肉质鲜美', 18888.00, 1.00, 17.00, '2020-01-02', 30, '2020-01-03 10:32:35');
INSERT INTO `goods` VALUES (8585, '蛋糕2020新品', 1, '超大', '健康美味', 45.99, 9.99, 20.00, '2020-01-09', 12, '2020-01-06 14:14:06');

-- ----------------------------
-- Table structure for orderdetail
-- ----------------------------
DROP TABLE IF EXISTS `orderdetail`;
CREATE TABLE `orderdetail`  (
  `detailId` int(11) NOT NULL AUTO_INCREMENT COMMENT '订单明细id',
  `orderId` int(11) NOT NULL DEFAULT 0 COMMENT '订单id',
  `goodsCode` int(11) NOT NULL DEFAULT 0 COMMENT '商品编码',
  `orderMoney` decimal(14, 2) NOT NULL DEFAULT 0.00 COMMENT '订单金额',
  `goodsAmount` int(11) NOT NULL DEFAULT 0 COMMENT '商品数量',
  `createTime` varchar(50) CHARACTER SET utf8 COLLATE utf8_general_ci DEFAULT '' COMMENT '创建时间',
  `updateTime` timestamp NOT NULL DEFAULT CURRENT_TIMESTAMP ON UPDATE CURRENT_TIMESTAMP COMMENT '更新时间',
  PRIMARY KEY USING BTREE (`detailId`),
  INDEX `fk_orderId` USING BTREE(`orderId`),
  INDEX `fk_goodsCode4` USING BTREE(`goodsCode`),
  CONSTRAINT `fk_goodsCode4` FOREIGN KEY (`goodsCode`) REFERENCES `goods` (`goodsCode`) ON DELETE RESTRICT ON UPDATE RESTRICT,
  CONSTRAINT `fk_orderId` FOREIGN KEY (`orderId`) REFERENCES `orders` (`orderId`) ON DELETE RESTRICT ON UPDATE RESTRICT
) ENGINE = InnoDB AUTO_INCREMENT = 540 CHARACTER SET = utf8 COLLATE = utf8_general_ci COMMENT = '订单明细表' ROW_FORMAT = Compact;

-- ----------------------------
-- Records of orderdetail
-- ----------------------------
INSERT INTO `orderdetail` VALUES (1, 1, 1, 0.00, 2, '', '2019-12-27 11:37:23');
INSERT INTO `orderdetail` VALUES (4, 2, 4, 0.00, 2, '', '2020-01-02 15:24:20');
INSERT INTO `orderdetail` VALUES (5, 2, 5, 0.00, 3, '', '2020-01-02 15:24:22');
INSERT INTO `orderdetail` VALUES (6, 2, 6, 0.00, 2, '', '2020-01-02 15:24:35');
INSERT INTO `orderdetail` VALUES (7, 3, 3, 0.00, 2, '', '2019-12-27 11:37:23');
INSERT INTO `orderdetail` VALUES (8, 4, 3, 0.00, 3, '', '2019-12-27 11:37:23');
INSERT INTO `orderdetail` VALUES (9, 5, 1, 0.00, 2, '', '2020-01-02 15:25:52');
INSERT INTO `orderdetail` VALUES (11, 4, 5, 0.00, 3, '', '2020-01-02 15:25:43');
INSERT INTO `orderdetail` VALUES (12, 5, 2, 0.00, 2, '', '2019-12-27 11:37:23');
INSERT INTO `orderdetail` VALUES (13, 3, 4, 0.00, 2, '', '2019-12-27 11:37:23');
INSERT INTO `orderdetail` VALUES (14, 4, 6, 0.00, 3, '', '2020-01-02 15:25:47');
INSERT INTO `orderdetail` VALUES (15, 5, 6, 0.00, 2, '', '2019-12-27 11:37:23');
INSERT INTO `orderdetail` VALUES (17, 1, 6, 59.80, 2, NULL, '2020-01-06 09:45:53');
INSERT INTO `orderdetail` VALUES (18, 1, 5, 59.70, 3, NULL, '2020-01-06 09:45:53');
INSERT INTO `orderdetail` VALUES (19, 10, 3, 29.90, 1, NULL, '2020-01-06 09:47:31');
INSERT INTO `orderdetail` VALUES (20, 10, 6, 59.80, 2, NULL, '2020-01-06 09:47:33');
INSERT INTO `orderdetail` VALUES (21, 10, 5, 59.70, 3, NULL, '2020-01-06 09:47:37');
INSERT INTO `orderdetail` VALUES (22, 11, 3, 29.90, 1, NULL, '2020-01-06 10:00:38');
INSERT INTO `orderdetail` VALUES (23, 11, 6, 59.80, 2, NULL, '2020-01-06 10:00:39');
INSERT INTO `orderdetail` VALUES (24, 11, 5, 59.70, 3, NULL, '2020-01-06 10:00:41');
INSERT INTO `orderdetail` VALUES (25, 12, 3, 29.90, 1, NULL, '2020-01-06 10:04:55');
INSERT INTO `orderdetail` VALUES (26, 12, 6, 59.80, 2, NULL, '2020-01-06 10:04:55');
INSERT INTO `orderdetail` VALUES (27, 12, 5, 59.70, 3, NULL, '2020-01-06 10:04:55');
INSERT INTO `orderdetail` VALUES (28, 13, 3, 29.90, 1, NULL, '2020-01-06 10:06:36');
INSERT INTO `orderdetail` VALUES (29, 13, 6, 59.80, 2, NULL, '2020-01-06 10:06:36');
INSERT INTO `orderdetail` VALUES (30, 13, 5, 59.70, 3, NULL, '2020-01-06 10:06:36');
INSERT INTO `orderdetail` VALUES (31, 14, 3, 29.90, 1, NULL, '2020-01-06 10:06:43');
INSERT INTO `orderdetail` VALUES (32, 14, 6, 59.80, 2, NULL, '2020-01-06 10:06:43');
INSERT INTO `orderdetail` VALUES (33, 14, 5, 59.70, 3, NULL, '2020-01-06 10:06:43');
INSERT INTO `orderdetail` VALUES (34, 15, 3, 29.90, 1, NULL, '2020-01-06 10:28:44');
INSERT INTO `orderdetail` VALUES (35, 16, 3, 29.90, 1, NULL, '2020-01-06 10:28:44');
INSERT INTO `orderdetail` VALUES (36, 16, 5, 19.90, 1, NULL, '2020-01-06 10:28:44');
INSERT INTO `orderdetail` VALUES (37, 15, 5, 19.90, 1, NULL, '2020-01-06 10:28:44');
INSERT INTO `orderdetail` VALUES (38, 15, 1, 29.90, 1, NULL, '2020-01-06 10:28:44');
INSERT INTO `orderdetail` VALUES (39, 16, 1, 29.90, 1, NULL, '2020-01-06 10:28:44');
INSERT INTO `orderdetail` VALUES (40, 15, 1, 29.90, 1, NULL, '2020-01-06 10:28:44');
INSERT INTO `orderdetail` VALUES (41, 16, 1, 29.90, 1, NULL, '2020-01-06 10:28:44');
INSERT INTO `orderdetail` VALUES (42, 16, 1, 29.90, 1, NULL, '2020-01-06 10:28:44');
INSERT INTO `orderdetail` VALUES (43, 15, 1, 29.90, 1, NULL, '2020-01-06 10:28:46');
INSERT INTO `orderdetail` VALUES (44, 17, 3, 29.90, 1, NULL, '2020-01-06 10:29:00');
INSERT INTO `orderdetail` VALUES (45, 17, 5, 19.90, 1, NULL, '2020-01-06 10:29:21');
INSERT INTO `orderdetail` VALUES (46, 17, 1, 29.90, 1, NULL, '2020-01-06 10:29:26');
INSERT INTO `orderdetail` VALUES (47, 17, 1, 29.90, 1, NULL, '2020-01-06 10:29:31');
INSERT INTO `orderdetail` VALUES (48, 17, 1, 29.90, 1, NULL, '2020-01-06 10:29:36');
INSERT INTO `orderdetail` VALUES (49, 18, 3, 29.90, 1, NULL, '2020-01-06 10:39:03');
INSERT INTO `orderdetail` VALUES (50, 18, 5, 19.90, 1, NULL, '2020-01-06 10:39:03');
INSERT INTO `orderdetail` VALUES (51, 19, 3, 29.90, 1, NULL, '2020-01-06 10:39:03');
INSERT INTO `orderdetail` VALUES (52, 18, 1, 29.90, 1, NULL, '2020-01-06 10:39:03');
INSERT INTO `orderdetail` VALUES (53, 18, 1, 29.90, 1, NULL, '2020-01-06 10:39:03');
INSERT INTO `orderdetail` VALUES (54, 19, 5, 19.90, 1, NULL, '2020-01-06 10:39:03');
INSERT INTO `orderdetail` VALUES (55, 18, 1, 29.90, 1, NULL, '2020-01-06 10:39:03');
INSERT INTO `orderdetail` VALUES (56, 19, 1, 29.90, 1, NULL, '2020-01-06 10:39:03');
INSERT INTO `orderdetail` VALUES (57, 19, 1, 29.90, 1, NULL, '2020-01-06 10:39:03');
INSERT INTO `orderdetail` VALUES (58, 19, 1, 29.90, 1, NULL, '2020-01-06 10:39:03');
INSERT INTO `orderdetail` VALUES (59, 20, 3, 29.90, 1, NULL, '2020-01-06 10:39:03');
INSERT INTO `orderdetail` VALUES (60, 20, 5, 19.90, 1, NULL, '2020-01-06 10:39:03');
INSERT INTO `orderdetail` VALUES (61, 20, 1, 29.90, 1, NULL, '2020-01-06 10:39:03');
INSERT INTO `orderdetail` VALUES (62, 20, 1, 29.90, 1, NULL, '2020-01-06 10:39:03');
INSERT INTO `orderdetail` VALUES (63, 20, 1, 29.90, 1, NULL, '2020-01-06 10:39:03');
INSERT INTO `orderdetail` VALUES (64, 21, 3, 29.90, 1, NULL, '2020-01-06 10:39:44');
INSERT INTO `orderdetail` VALUES (65, 21, 5, 19.90, 1, NULL, '2020-01-06 10:39:44');
INSERT INTO `orderdetail` VALUES (66, 21, 1, 29.90, 1, NULL, '2020-01-06 10:39:44');
INSERT INTO `orderdetail` VALUES (67, 21, 1, 29.90, 1, NULL, '2020-01-06 10:39:44');
INSERT INTO `orderdetail` VALUES (68, 21, 1, 29.90, 1, NULL, '2020-01-06 10:39:44');
INSERT INTO `orderdetail` VALUES (69, 22, 3, 29.90, 1, NULL, '2020-01-06 10:39:44');
INSERT INTO `orderdetail` VALUES (70, 22, 5, 19.90, 1, NULL, '2020-01-06 10:39:44');
INSERT INTO `orderdetail` VALUES (71, 22, 1, 29.90, 1, NULL, '2020-01-06 10:39:44');
INSERT INTO `orderdetail` VALUES (72, 22, 1, 29.90, 1, NULL, '2020-01-06 10:39:44');
INSERT INTO `orderdetail` VALUES (73, 22, 1, 29.90, 1, NULL, '2020-01-06 10:39:44');
INSERT INTO `orderdetail` VALUES (74, 23, 3, 29.90, 1, NULL, '2020-01-06 10:39:44');
INSERT INTO `orderdetail` VALUES (75, 23, 5, 19.90, 1, NULL, '2020-01-06 10:39:44');
INSERT INTO `orderdetail` VALUES (76, 23, 1, 29.90, 1, NULL, '2020-01-06 10:39:44');
INSERT INTO `orderdetail` VALUES (77, 23, 1, 29.90, 1, NULL, '2020-01-06 10:39:44');
INSERT INTO `orderdetail` VALUES (78, 23, 1, 29.90, 1, NULL, '2020-01-06 10:39:44');
INSERT INTO `orderdetail` VALUES (79, 24, 3, 29.90, 1, NULL, '2020-01-06 10:39:44');
INSERT INTO `orderdetail` VALUES (80, 24, 5, 19.90, 1, NULL, '2020-01-06 10:39:44');
INSERT INTO `orderdetail` VALUES (81, 24, 1, 29.90, 1, NULL, '2020-01-06 10:39:44');
INSERT INTO `orderdetail` VALUES (82, 24, 1, 29.90, 1, NULL, '2020-01-06 10:39:44');
INSERT INTO `orderdetail` VALUES (83, 24, 1, 29.90, 1, NULL, '2020-01-06 10:39:44');
INSERT INTO `orderdetail` VALUES (84, 25, 3, 29.90, 1, NULL, '2020-01-06 10:39:46');
INSERT INTO `orderdetail` VALUES (85, 25, 5, 19.90, 1, NULL, '2020-01-06 10:39:46');
INSERT INTO `orderdetail` VALUES (86, 25, 1, 29.90, 1, NULL, '2020-01-06 10:39:46');
INSERT INTO `orderdetail` VALUES (87, 25, 1, 29.90, 1, NULL, '2020-01-06 10:39:46');
INSERT INTO `orderdetail` VALUES (88, 25, 1, 29.90, 1, NULL, '2020-01-06 10:39:46');
INSERT INTO `orderdetail` VALUES (89, 26, 3, 29.90, 1, NULL, '2020-01-06 10:40:06');
INSERT INTO `orderdetail` VALUES (90, 26, 5, 19.90, 1, NULL, '2020-01-06 10:40:06');
INSERT INTO `orderdetail` VALUES (91, 26, 1, 29.90, 1, NULL, '2020-01-06 10:40:06');
INSERT INTO `orderdetail` VALUES (92, 26, 1, 29.90, 1, NULL, '2020-01-06 10:40:06');
INSERT INTO `orderdetail` VALUES (93, 26, 1, 29.90, 1, NULL, '2020-01-06 10:40:06');
INSERT INTO `orderdetail` VALUES (94, 27, 3, 29.90, 1, NULL, '2020-01-06 10:40:06');
INSERT INTO `orderdetail` VALUES (95, 27, 5, 19.90, 1, NULL, '2020-01-06 10:40:06');
INSERT INTO `orderdetail` VALUES (96, 27, 1, 29.90, 1, NULL, '2020-01-06 10:40:06');
INSERT INTO `orderdetail` VALUES (97, 27, 1, 29.90, 1, NULL, '2020-01-06 10:40:06');
INSERT INTO `orderdetail` VALUES (98, 27, 1, 29.90, 1, NULL, '2020-01-06 10:40:06');
INSERT INTO `orderdetail` VALUES (99, 28, 3, 29.90, 1, NULL, '2020-01-06 10:40:06');
INSERT INTO `orderdetail` VALUES (100, 28, 5, 19.90, 1, NULL, '2020-01-06 10:40:06');
INSERT INTO `orderdetail` VALUES (101, 28, 1, 29.90, 1, NULL, '2020-01-06 10:40:06');
INSERT INTO `orderdetail` VALUES (102, 28, 1, 29.90, 1, NULL, '2020-01-06 10:40:06');
INSERT INTO `orderdetail` VALUES (103, 28, 1, 29.90, 1, NULL, '2020-01-06 10:40:06');
INSERT INTO `orderdetail` VALUES (104, 29, 3, 29.90, 1, NULL, '2020-01-06 10:40:06');
INSERT INTO `orderdetail` VALUES (105, 29, 5, 19.90, 1, NULL, '2020-01-06 10:40:06');
INSERT INTO `orderdetail` VALUES (106, 29, 1, 29.90, 1, NULL, '2020-01-06 10:40:06');
INSERT INTO `orderdetail` VALUES (107, 29, 1, 29.90, 1, NULL, '2020-01-06 10:40:06');
INSERT INTO `orderdetail` VALUES (108, 29, 1, 29.90, 1, NULL, '2020-01-06 10:40:06');
INSERT INTO `orderdetail` VALUES (109, 30, 3, 29.90, 1, NULL, '2020-01-06 10:40:06');
INSERT INTO `orderdetail` VALUES (110, 30, 5, 19.90, 1, NULL, '2020-01-06 10:40:06');
INSERT INTO `orderdetail` VALUES (111, 30, 1, 29.90, 1, NULL, '2020-01-06 10:40:06');
INSERT INTO `orderdetail` VALUES (112, 30, 1, 29.90, 1, NULL, '2020-01-06 10:40:06');
INSERT INTO `orderdetail` VALUES (113, 30, 1, 29.90, 1, NULL, '2020-01-06 10:40:06');
INSERT INTO `orderdetail` VALUES (114, 31, 3, 89.70, 3, NULL, '2020-01-06 10:40:36');
INSERT INTO `orderdetail` VALUES (115, 32, 3, 89.70, 3, NULL, '2020-01-06 10:40:36');
INSERT INTO `orderdetail` VALUES (116, 33, 3, 89.70, 3, NULL, '2020-01-06 10:40:39');
INSERT INTO `orderdetail` VALUES (117, 34, 3, 89.70, 3, NULL, '2020-01-06 10:40:40');
INSERT INTO `orderdetail` VALUES (118, 35, 3, 89.70, 3, NULL, '2020-01-06 10:40:40');
INSERT INTO `orderdetail` VALUES (119, 36, 3, 89.70, 3, NULL, '2020-01-06 10:40:40');
INSERT INTO `orderdetail` VALUES (120, 37, 3, 89.70, 3, NULL, '2020-01-06 10:40:40');
INSERT INTO `orderdetail` VALUES (121, 38, 3, 89.70, 3, NULL, '2020-01-06 10:40:40');
INSERT INTO `orderdetail` VALUES (122, 39, 3, 89.70, 3, NULL, '2020-01-06 10:42:03');
INSERT INTO `orderdetail` VALUES (123, 40, 3, 89.70, 3, NULL, '2020-01-06 10:42:03');
INSERT INTO `orderdetail` VALUES (124, 41, 3, 89.70, 3, NULL, '2020-01-06 10:42:04');
INSERT INTO `orderdetail` VALUES (125, 42, 3, 89.70, 3, NULL, '2020-01-06 10:42:04');
INSERT INTO `orderdetail` VALUES (126, 43, 3, 89.70, 3, NULL, '2020-01-06 10:42:04');
INSERT INTO `orderdetail` VALUES (127, 44, 3, 89.70, 3, NULL, '2020-01-06 10:42:04');
INSERT INTO `orderdetail` VALUES (128, 45, 3, 89.70, 3, NULL, '2020-01-06 10:42:04');
INSERT INTO `orderdetail` VALUES (129, 46, 3, 89.70, 3, NULL, '2020-01-06 10:42:04');
INSERT INTO `orderdetail` VALUES (130, 47, 3, 89.70, 3, NULL, '2020-01-06 10:42:20');
INSERT INTO `orderdetail` VALUES (131, 48, 3, 89.70, 3, NULL, '2020-01-06 10:42:31');
INSERT INTO `orderdetail` VALUES (132, 49, 3, 89.70, 3, NULL, '2020-01-06 10:42:31');
INSERT INTO `orderdetail` VALUES (133, 50, 3, 89.70, 3, NULL, '2020-01-06 10:42:31');
INSERT INTO `orderdetail` VALUES (134, 51, 3, 89.70, 3, NULL, '2020-01-06 10:42:31');
INSERT INTO `orderdetail` VALUES (135, 52, 3, 89.70, 3, NULL, '2020-01-06 10:42:31');
INSERT INTO `orderdetail` VALUES (136, 53, 3, 89.70, 3, NULL, '2020-01-06 10:42:32');
INSERT INTO `orderdetail` VALUES (137, 54, 3, 89.70, 3, NULL, '2020-01-06 10:42:55');
INSERT INTO `orderdetail` VALUES (138, 55, 3, 89.70, 3, NULL, '2020-01-06 10:42:55');
INSERT INTO `orderdetail` VALUES (139, 56, 3, 89.70, 3, NULL, '2020-01-06 10:44:33');
INSERT INTO `orderdetail` VALUES (140, 57, 3, 89.70, 3, NULL, '2020-01-06 10:52:14');
INSERT INTO `orderdetail` VALUES (141, 57, 12, 19.90, 1, NULL, '2020-01-06 10:52:14');
INSERT INTO `orderdetail` VALUES (142, 58, 3, 89.70, 3, NULL, '2020-01-06 10:52:14');
INSERT INTO `orderdetail` VALUES (143, 58, 12, 19.90, 1, NULL, '2020-01-06 10:52:14');
INSERT INTO `orderdetail` VALUES (144, 59, 3, 29.90, 1, NULL, '2020-01-06 10:59:08');
INSERT INTO `orderdetail` VALUES (145, 60, 3, 29.90, 1, NULL, '2020-01-06 10:59:13');
INSERT INTO `orderdetail` VALUES (146, 61, 3, 29.90, 1, NULL, '2020-01-06 10:59:47');
INSERT INTO `orderdetail` VALUES (147, 62, 3, 29.90, 1, NULL, '2020-01-06 10:59:48');
INSERT INTO `orderdetail` VALUES (148, 63, 3, 29.90, 1, NULL, '2020-01-06 10:59:49');
INSERT INTO `orderdetail` VALUES (149, 64, 3, 29.90, 1, NULL, '2020-01-06 10:59:49');
INSERT INTO `orderdetail` VALUES (150, 65, 3, 29.90, 1, NULL, '2020-01-06 10:59:49');
INSERT INTO `orderdetail` VALUES (151, 66, 3, 29.90, 1, NULL, '2020-01-06 10:59:49');
INSERT INTO `orderdetail` VALUES (152, 67, 3, 29.90, 1, NULL, '2020-01-06 10:59:51');
INSERT INTO `orderdetail` VALUES (153, 68, 3, 29.90, 1, NULL, '2020-01-06 10:59:51');
INSERT INTO `orderdetail` VALUES (154, 69, 3, 29.90, 1, NULL, '2020-01-06 10:59:51');
INSERT INTO `orderdetail` VALUES (155, 70, 3, 29.90, 1, NULL, '2020-01-06 11:04:44');
INSERT INTO `orderdetail` VALUES (156, 71, 3, 29.90, 1, NULL, '2020-01-06 11:04:45');
INSERT INTO `orderdetail` VALUES (157, 72, 4, 29.90, 1, NULL, '2020-01-06 11:05:04');
INSERT INTO `orderdetail` VALUES (158, 73, 3, 29.90, 1, NULL, '2020-01-06 11:13:37');
INSERT INTO `orderdetail` VALUES (159, 74, 3, 59.80, 2, NULL, '2020-01-06 11:14:35');
INSERT INTO `orderdetail` VALUES (160, 74, 6, 89.70, 3, NULL, '2020-01-06 11:14:35');
INSERT INTO `orderdetail` VALUES (161, 75, 3, 29.90, 1, NULL, '2020-01-06 11:19:34');
INSERT INTO `orderdetail` VALUES (162, 75, 6, 59.80, 2, NULL, '2020-01-06 11:19:34');
INSERT INTO `orderdetail` VALUES (163, 75, 5, 59.70, 3, NULL, '2020-01-06 11:19:34');
INSERT INTO `orderdetail` VALUES (164, 76, 3, 29.90, 1, NULL, '2020-01-06 11:20:06');
INSERT INTO `orderdetail` VALUES (165, 76, 6, 59.80, 2, NULL, '2020-01-06 11:20:06');
INSERT INTO `orderdetail` VALUES (166, 76, 5, 59.70, 3, NULL, '2020-01-06 11:20:06');
INSERT INTO `orderdetail` VALUES (167, 77, 3, 29.90, 1, NULL, '2020-01-06 11:28:22');
INSERT INTO `orderdetail` VALUES (168, 77, 6, 59.80, 2, NULL, '2020-01-06 11:28:22');
INSERT INTO `orderdetail` VALUES (169, 77, 5, 59.70, 3, NULL, '2020-01-06 11:28:22');
INSERT INTO `orderdetail` VALUES (170, 78, 3, 29.90, 1, NULL, '2020-01-06 11:37:38');
INSERT INTO `orderdetail` VALUES (171, 78, 6, 59.80, 2, NULL, '2020-01-06 11:37:39');
INSERT INTO `orderdetail` VALUES (172, 78, 5, 59.70, 3, NULL, '2020-01-06 11:37:39');
INSERT INTO `orderdetail` VALUES (173, 79, 3, 29.90, 1, NULL, '2020-01-06 11:37:59');
INSERT INTO `orderdetail` VALUES (174, 79, 6, 59.80, 2, NULL, '2020-01-06 11:37:59');
INSERT INTO `orderdetail` VALUES (175, 79, 5, 59.70, 3, NULL, '2020-01-06 11:37:59');
INSERT INTO `orderdetail` VALUES (176, 81, 3, 29.90, 1, NULL, '2020-01-06 11:37:59');
INSERT INTO `orderdetail` VALUES (177, 80, 3, 29.90, 1, NULL, '2020-01-06 11:37:59');
INSERT INTO `orderdetail` VALUES (178, 82, 3, 29.90, 1, NULL, '2020-01-06 11:37:59');
INSERT INTO `orderdetail` VALUES (179, 80, 6, 59.80, 2, NULL, '2020-01-06 11:37:59');
INSERT INTO `orderdetail` VALUES (180, 81, 6, 59.80, 2, NULL, '2020-01-06 11:37:59');
INSERT INTO `orderdetail` VALUES (181, 85, 3, 29.90, 1, NULL, '2020-01-06 11:37:59');
INSERT INTO `orderdetail` VALUES (182, 86, 3, 29.90, 1, NULL, '2020-01-06 11:37:59');
INSERT INTO `orderdetail` VALUES (183, 83, 3, 29.90, 1, NULL, '2020-01-06 11:37:59');
INSERT INTO `orderdetail` VALUES (184, 84, 3, 29.90, 1, NULL, '2020-01-06 11:37:59');
INSERT INTO `orderdetail` VALUES (185, 82, 6, 59.80, 2, NULL, '2020-01-06 11:37:59');
INSERT INTO `orderdetail` VALUES (186, 87, 3, 29.90, 1, NULL, '2020-01-06 11:37:59');
INSERT INTO `orderdetail` VALUES (187, 80, 5, 59.70, 3, NULL, '2020-01-06 11:37:59');
INSERT INTO `orderdetail` VALUES (188, 81, 5, 59.70, 3, NULL, '2020-01-06 11:37:59');
INSERT INTO `orderdetail` VALUES (189, 85, 6, 59.80, 2, NULL, '2020-01-06 11:37:59');
INSERT INTO `orderdetail` VALUES (190, 82, 5, 59.70, 3, NULL, '2020-01-06 11:37:59');
INSERT INTO `orderdetail` VALUES (191, 85, 5, 59.70, 3, NULL, '2020-01-06 11:37:59');
INSERT INTO `orderdetail` VALUES (192, 88, 3, 29.90, 1, NULL, '2020-01-06 11:37:59');
INSERT INTO `orderdetail` VALUES (193, 83, 6, 59.80, 2, NULL, '2020-01-06 11:37:59');
INSERT INTO `orderdetail` VALUES (194, 87, 6, 59.80, 2, NULL, '2020-01-06 11:37:59');
INSERT INTO `orderdetail` VALUES (195, 86, 6, 59.80, 2, NULL, '2020-01-06 11:37:59');
INSERT INTO `orderdetail` VALUES (196, 84, 6, 59.80, 2, NULL, '2020-01-06 11:37:59');
INSERT INTO `orderdetail` VALUES (197, 83, 5, 59.70, 3, NULL, '2020-01-06 11:37:59');
INSERT INTO `orderdetail` VALUES (198, 87, 5, 59.70, 3, NULL, '2020-01-06 11:37:59');
INSERT INTO `orderdetail` VALUES (199, 88, 6, 59.80, 2, NULL, '2020-01-06 11:37:59');
INSERT INTO `orderdetail` VALUES (200, 86, 5, 59.70, 3, NULL, '2020-01-06 11:37:59');
INSERT INTO `orderdetail` VALUES (201, 84, 5, 59.70, 3, NULL, '2020-01-06 11:37:59');
INSERT INTO `orderdetail` VALUES (202, 88, 5, 59.70, 3, NULL, '2020-01-06 11:37:59');
INSERT INTO `orderdetail` VALUES (203, 89, 3, 29.90, 1, NULL, '2020-01-06 11:37:59');
INSERT INTO `orderdetail` VALUES (204, 89, 6, 59.80, 2, NULL, '2020-01-06 11:37:59');
INSERT INTO `orderdetail` VALUES (205, 89, 5, 59.70, 3, NULL, '2020-01-06 11:37:59');
INSERT INTO `orderdetail` VALUES (206, 90, 3, 29.90, 1, NULL, '2020-01-06 11:38:00');
INSERT INTO `orderdetail` VALUES (207, 91, 3, 29.90, 1, NULL, '2020-01-06 11:38:00');
INSERT INTO `orderdetail` VALUES (208, 90, 6, 59.80, 2, NULL, '2020-01-06 11:38:00');
INSERT INTO `orderdetail` VALUES (209, 91, 6, 59.80, 2, NULL, '2020-01-06 11:38:00');
INSERT INTO `orderdetail` VALUES (210, 90, 5, 59.70, 3, NULL, '2020-01-06 11:38:00');
INSERT INTO `orderdetail` VALUES (211, 91, 5, 59.70, 3, NULL, '2020-01-06 11:38:00');
INSERT INTO `orderdetail` VALUES (212, 92, 3, 29.90, 1, NULL, '2020-01-06 11:38:51');
INSERT INTO `orderdetail` VALUES (213, 92, 5, 19.90, 1, NULL, '2020-01-06 11:38:51');
INSERT INTO `orderdetail` VALUES (214, 93, 3, 29.90, 1, NULL, '2020-01-06 11:39:40');
INSERT INTO `orderdetail` VALUES (215, 93, 5, 19.90, 1, NULL, '2020-01-06 11:39:40');
INSERT INTO `orderdetail` VALUES (216, 94, 3, 29.90, 1, NULL, '2020-01-06 11:39:41');
INSERT INTO `orderdetail` VALUES (217, 94, 5, 19.90, 1, NULL, '2020-01-06 11:39:41');
INSERT INTO `orderdetail` VALUES (218, 95, 3, 29.90, 1, NULL, '2020-01-06 11:39:44');
INSERT INTO `orderdetail` VALUES (219, 95, 5, 19.90, 1, NULL, '2020-01-06 11:39:44');
INSERT INTO `orderdetail` VALUES (220, 96, 3, 29.90, 1, NULL, '2020-01-06 11:40:07');
INSERT INTO `orderdetail` VALUES (221, 96, 5, 19.90, 1, NULL, '2020-01-06 11:40:07');
INSERT INTO `orderdetail` VALUES (222, 97, 3, 29.90, 1, NULL, '2020-01-06 11:40:08');
INSERT INTO `orderdetail` VALUES (223, 97, 5, 19.90, 1, NULL, '2020-01-06 11:40:08');
INSERT INTO `orderdetail` VALUES (224, 98, 3, 29.90, 1, NULL, '2020-01-06 11:40:08');
INSERT INTO `orderdetail` VALUES (225, 98, 5, 19.90, 1, NULL, '2020-01-06 11:40:08');
INSERT INTO `orderdetail` VALUES (226, 99, 3, 29.90, 1, NULL, '2020-01-06 11:40:26');
INSERT INTO `orderdetail` VALUES (227, 99, 5, 19.90, 1, NULL, '2020-01-06 11:40:26');
INSERT INTO `orderdetail` VALUES (228, 100, 3, 29.90, 1, NULL, '2020-01-06 11:40:27');
INSERT INTO `orderdetail` VALUES (229, 100, 5, 19.90, 1, NULL, '2020-01-06 11:40:27');
INSERT INTO `orderdetail` VALUES (230, 101, 3, 29.90, 1, NULL, '2020-01-06 11:42:21');
INSERT INTO `orderdetail` VALUES (231, 101, 5, 19.90, 1, NULL, '2020-01-06 11:42:21');
INSERT INTO `orderdetail` VALUES (232, 102, 3, 29.90, 1, NULL, '2020-01-06 11:42:21');
INSERT INTO `orderdetail` VALUES (233, 102, 5, 19.90, 1, NULL, '2020-01-06 11:42:21');
INSERT INTO `orderdetail` VALUES (234, 103, 3, 29.90, 1, NULL, '2020-01-06 11:42:21');
INSERT INTO `orderdetail` VALUES (235, 103, 5, 19.90, 1, NULL, '2020-01-06 11:42:21');
INSERT INTO `orderdetail` VALUES (236, 104, 3, 29.90, 1, NULL, '2020-01-06 11:42:22');
INSERT INTO `orderdetail` VALUES (237, 104, 5, 19.90, 1, NULL, '2020-01-06 11:42:22');
INSERT INTO `orderdetail` VALUES (238, 105, 3, 29.90, 1, NULL, '2020-01-06 11:42:22');
INSERT INTO `orderdetail` VALUES (239, 105, 5, 19.90, 1, NULL, '2020-01-06 11:42:22');
INSERT INTO `orderdetail` VALUES (240, 106, 3, 29.90, 1, NULL, '2020-01-06 11:42:22');
INSERT INTO `orderdetail` VALUES (241, 106, 5, 19.90, 1, NULL, '2020-01-06 11:42:22');
INSERT INTO `orderdetail` VALUES (242, 107, 3, 29.90, 1, NULL, '2020-01-06 11:42:22');
INSERT INTO `orderdetail` VALUES (243, 107, 5, 19.90, 1, NULL, '2020-01-06 11:42:22');
INSERT INTO `orderdetail` VALUES (244, 108, 3, 29.90, 1, NULL, '2020-01-06 11:42:22');
INSERT INTO `orderdetail` VALUES (245, 108, 5, 19.90, 1, NULL, '2020-01-06 11:42:22');
INSERT INTO `orderdetail` VALUES (246, 109, 3, 29.90, 1, NULL, '2020-01-06 11:42:22');
INSERT INTO `orderdetail` VALUES (247, 109, 5, 19.90, 1, NULL, '2020-01-06 11:42:22');
INSERT INTO `orderdetail` VALUES (248, 110, 3, 29.90, 1, NULL, '2020-01-06 11:45:24');
INSERT INTO `orderdetail` VALUES (249, 110, 5, 19.90, 1, NULL, '2020-01-06 11:45:24');
INSERT INTO `orderdetail` VALUES (250, 111, 3, 29.90, 1, NULL, '2020-01-06 11:45:25');
INSERT INTO `orderdetail` VALUES (251, 111, 5, 19.90, 1, NULL, '2020-01-06 11:45:25');
INSERT INTO `orderdetail` VALUES (252, 112, 3, 29.90, 1, NULL, '2020-01-06 11:45:26');
INSERT INTO `orderdetail` VALUES (253, 112, 5, 19.90, 1, NULL, '2020-01-06 11:45:26');
INSERT INTO `orderdetail` VALUES (254, 113, 3, 29.90, 1, NULL, '2020-01-06 11:45:26');
INSERT INTO `orderdetail` VALUES (255, 113, 5, 19.90, 1, NULL, '2020-01-06 11:45:26');
INSERT INTO `orderdetail` VALUES (256, 114, 3, 29.90, 1, NULL, '2020-01-06 11:45:42');
INSERT INTO `orderdetail` VALUES (257, 114, 5, 19.90, 1, NULL, '2020-01-06 11:45:42');
INSERT INTO `orderdetail` VALUES (258, 115, 3, 29.90, 1, NULL, '2020-01-06 11:45:42');
INSERT INTO `orderdetail` VALUES (259, 115, 5, 19.90, 1, NULL, '2020-01-06 11:45:42');
INSERT INTO `orderdetail` VALUES (260, 116, 3, 29.90, 1, NULL, '2020-01-06 11:45:43');
INSERT INTO `orderdetail` VALUES (261, 116, 5, 19.90, 1, NULL, '2020-01-06 11:45:43');
INSERT INTO `orderdetail` VALUES (262, 117, 3, 29.90, 1, NULL, '2020-01-06 11:45:43');
INSERT INTO `orderdetail` VALUES (263, 117, 5, 19.90, 1, NULL, '2020-01-06 11:45:43');
INSERT INTO `orderdetail` VALUES (264, 118, 3, 29.90, 1, NULL, '2020-01-06 11:45:43');
INSERT INTO `orderdetail` VALUES (265, 118, 5, 19.90, 1, NULL, '2020-01-06 11:45:43');
INSERT INTO `orderdetail` VALUES (266, 119, 3, 29.90, 1, NULL, '2020-01-06 11:45:43');
INSERT INTO `orderdetail` VALUES (267, 119, 5, 19.90, 1, NULL, '2020-01-06 11:45:43');
INSERT INTO `orderdetail` VALUES (268, 120, 3, 29.90, 1, NULL, '2020-01-06 11:46:32');
INSERT INTO `orderdetail` VALUES (269, 120, 5, 19.90, 1, NULL, '2020-01-06 11:46:32');
INSERT INTO `orderdetail` VALUES (270, 121, 3, 29.90, 1, NULL, '2020-01-06 11:46:32');
INSERT INTO `orderdetail` VALUES (271, 121, 5, 19.90, 1, NULL, '2020-01-06 11:46:32');
INSERT INTO `orderdetail` VALUES (272, 122, 3, 29.90, 1, NULL, '2020-01-06 11:46:33');
INSERT INTO `orderdetail` VALUES (273, 122, 5, 19.90, 1, NULL, '2020-01-06 11:46:33');
INSERT INTO `orderdetail` VALUES (274, 123, 3, 29.90, 1, NULL, '2020-01-06 11:46:33');
INSERT INTO `orderdetail` VALUES (275, 123, 5, 19.90, 1, NULL, '2020-01-06 11:46:33');
INSERT INTO `orderdetail` VALUES (276, 124, 3, 29.90, 1, NULL, '2020-01-06 11:46:33');
INSERT INTO `orderdetail` VALUES (277, 124, 5, 19.90, 1, NULL, '2020-01-06 11:46:33');
INSERT INTO `orderdetail` VALUES (278, 125, 3, 29.90, 1, NULL, '2020-01-06 11:46:33');
INSERT INTO `orderdetail` VALUES (279, 125, 5, 19.90, 1, NULL, '2020-01-06 11:46:33');
INSERT INTO `orderdetail` VALUES (280, 126, 3, 29.90, 1, NULL, '2020-01-06 11:46:33');
INSERT INTO `orderdetail` VALUES (281, 126, 5, 19.90, 1, NULL, '2020-01-06 11:46:33');
INSERT INTO `orderdetail` VALUES (282, 127, 3, 29.90, 1, NULL, '2020-01-06 11:49:30');
INSERT INTO `orderdetail` VALUES (283, 127, 42, 19.90, 1, NULL, '2020-01-06 11:49:30');
INSERT INTO `orderdetail` VALUES (284, 128, 3, 29.90, 1, NULL, '2020-01-06 11:49:31');
INSERT INTO `orderdetail` VALUES (285, 128, 42, 19.90, 1, NULL, '2020-01-06 11:49:31');
INSERT INTO `orderdetail` VALUES (286, 129, 3, 29.90, 1, NULL, '2020-01-06 11:49:39');
INSERT INTO `orderdetail` VALUES (287, 129, 42, 19.90, 1, NULL, '2020-01-06 11:49:39');
INSERT INTO `orderdetail` VALUES (288, 130, 3, 29.90, 1, NULL, '2020-01-06 11:49:40');
INSERT INTO `orderdetail` VALUES (289, 130, 42, 19.90, 1, NULL, '2020-01-06 11:49:40');
INSERT INTO `orderdetail` VALUES (290, 131, 3, 59.80, 2, NULL, '2020-01-06 11:49:49');
INSERT INTO `orderdetail` VALUES (291, 131, 42, 19.90, 1, NULL, '2020-01-06 11:49:49');
INSERT INTO `orderdetail` VALUES (292, 132, 3, 59.80, 2, NULL, '2020-01-06 11:49:50');
INSERT INTO `orderdetail` VALUES (293, 132, 42, 19.90, 1, NULL, '2020-01-06 11:49:50');
INSERT INTO `orderdetail` VALUES (294, 133, 3, 59.80, 2, NULL, '2020-01-06 11:54:58');
INSERT INTO `orderdetail` VALUES (295, 133, 42, 19.90, 1, NULL, '2020-01-06 11:54:58');
INSERT INTO `orderdetail` VALUES (296, 134, 3, 59.80, 2, NULL, '2020-01-06 11:54:58');
INSERT INTO `orderdetail` VALUES (297, 134, 42, 19.90, 1, NULL, '2020-01-06 11:54:58');
INSERT INTO `orderdetail` VALUES (298, 135, 3, 59.80, 2, NULL, '2020-01-06 11:54:58');
INSERT INTO `orderdetail` VALUES (299, 135, 42, 19.90, 1, NULL, '2020-01-06 11:54:58');
INSERT INTO `orderdetail` VALUES (300, 136, 3, 59.80, 2, NULL, '2020-01-06 11:54:58');
INSERT INTO `orderdetail` VALUES (301, 136, 42, 19.90, 1, NULL, '2020-01-06 11:54:58');
INSERT INTO `orderdetail` VALUES (302, 137, 3, 59.80, 2, NULL, '2020-01-06 11:54:58');
INSERT INTO `orderdetail` VALUES (303, 137, 42, 19.90, 1, NULL, '2020-01-06 11:54:58');
INSERT INTO `orderdetail` VALUES (304, 138, 3, 59.80, 2, NULL, '2020-01-06 11:54:59');
INSERT INTO `orderdetail` VALUES (305, 138, 42, 19.90, 1, NULL, '2020-01-06 11:54:59');
INSERT INTO `orderdetail` VALUES (306, 139, 6, 29.90, 1, NULL, '2020-01-06 12:42:15');
INSERT INTO `orderdetail` VALUES (307, 139, 3, 59.80, 2, NULL, '2020-01-06 12:42:15');
INSERT INTO `orderdetail` VALUES (308, 140, 6, 29.90, 1, NULL, '2020-01-06 12:42:15');
INSERT INTO `orderdetail` VALUES (309, 140, 3, 59.80, 2, NULL, '2020-01-06 12:42:15');
INSERT INTO `orderdetail` VALUES (310, 141, 6, 29.90, 1, NULL, '2020-01-06 12:42:21');
INSERT INTO `orderdetail` VALUES (311, 141, 3, 59.80, 2, NULL, '2020-01-06 12:42:21');
INSERT INTO `orderdetail` VALUES (312, 142, 6, 29.90, 1, NULL, '2020-01-06 12:42:21');
INSERT INTO `orderdetail` VALUES (313, 142, 3, 59.80, 2, NULL, '2020-01-06 12:42:21');
INSERT INTO `orderdetail` VALUES (314, 143, 40, 19.90, 1, NULL, '2020-01-06 13:48:15');
INSERT INTO `orderdetail` VALUES (315, 143, 43, 59.70, 3, NULL, '2020-01-06 13:48:15');
INSERT INTO `orderdetail` VALUES (316, 144, 40, 19.90, 1, NULL, '2020-01-06 13:48:15');
INSERT INTO `orderdetail` VALUES (317, 144, 43, 59.70, 3, NULL, '2020-01-06 13:48:15');
INSERT INTO `orderdetail` VALUES (318, 145, 57, 59.70, 3, NULL, '2020-01-06 13:51:57');
INSERT INTO `orderdetail` VALUES (319, 145, 66, 59.70, 3, NULL, '2020-01-06 13:51:57');
INSERT INTO `orderdetail` VALUES (320, 146, 57, 59.70, 3, NULL, '2020-01-06 13:51:57');
INSERT INTO `orderdetail` VALUES (321, 146, 66, 59.70, 3, NULL, '2020-01-06 13:51:57');
INSERT INTO `orderdetail` VALUES (322, 147, 57, 59.70, 3, NULL, '2020-01-06 13:54:27');
INSERT INTO `orderdetail` VALUES (323, 147, 66, 59.70, 3, NULL, '2020-01-06 13:54:27');
INSERT INTO `orderdetail` VALUES (324, 148, 57, 59.70, 3, NULL, '2020-01-06 13:54:28');
INSERT INTO `orderdetail` VALUES (325, 148, 66, 59.70, 3, NULL, '2020-01-06 13:54:28');
INSERT INTO `orderdetail` VALUES (326, 149, 57, 59.70, 3, NULL, '2020-01-06 13:59:09');
INSERT INTO `orderdetail` VALUES (327, 149, 66, 59.70, 3, NULL, '2020-01-06 13:59:09');
INSERT INTO `orderdetail` VALUES (328, 150, 57, 59.70, 3, NULL, '2020-01-06 13:59:09');
INSERT INTO `orderdetail` VALUES (329, 150, 66, 59.70, 3, NULL, '2020-01-06 13:59:09');
INSERT INTO `orderdetail` VALUES (330, 151, 57, 59.70, 3, NULL, '2020-01-06 13:59:10');
INSERT INTO `orderdetail` VALUES (331, 151, 66, 59.70, 3, NULL, '2020-01-06 13:59:10');
INSERT INTO `orderdetail` VALUES (332, 152, 57, 59.70, 3, NULL, '2020-01-06 13:59:10');
INSERT INTO `orderdetail` VALUES (333, 152, 66, 59.70, 3, NULL, '2020-01-06 13:59:10');
INSERT INTO `orderdetail` VALUES (334, 153, 57, 59.70, 3, NULL, '2020-01-06 13:59:27');
INSERT INTO `orderdetail` VALUES (335, 153, 66, 59.70, 3, NULL, '2020-01-06 13:59:27');
INSERT INTO `orderdetail` VALUES (336, 154, 57, 59.70, 3, NULL, '2020-01-06 13:59:27');
INSERT INTO `orderdetail` VALUES (337, 154, 66, 59.70, 3, NULL, '2020-01-06 13:59:27');
INSERT INTO `orderdetail` VALUES (338, 155, 57, 59.70, 3, NULL, '2020-01-06 13:59:27');
INSERT INTO `orderdetail` VALUES (339, 155, 66, 59.70, 3, NULL, '2020-01-06 13:59:27');
INSERT INTO `orderdetail` VALUES (340, 156, 57, 59.70, 3, NULL, '2020-01-06 13:59:27');
INSERT INTO `orderdetail` VALUES (341, 156, 66, 59.70, 3, NULL, '2020-01-06 13:59:27');
INSERT INTO `orderdetail` VALUES (342, 157, 57, 59.70, 3, NULL, '2020-01-06 13:59:27');
INSERT INTO `orderdetail` VALUES (343, 157, 66, 59.70, 3, NULL, '2020-01-06 13:59:27');
INSERT INTO `orderdetail` VALUES (344, 158, 57, 59.70, 3, NULL, '2020-01-06 13:59:27');
INSERT INTO `orderdetail` VALUES (345, 158, 66, 59.70, 3, NULL, '2020-01-06 13:59:27');
INSERT INTO `orderdetail` VALUES (346, 159, 57, 59.70, 3, NULL, '2020-01-06 13:59:27');
INSERT INTO `orderdetail` VALUES (347, 159, 66, 59.70, 3, NULL, '2020-01-06 13:59:27');
INSERT INTO `orderdetail` VALUES (348, 160, 57, 59.70, 3, NULL, '2020-01-06 13:59:28');
INSERT INTO `orderdetail` VALUES (349, 160, 66, 59.70, 3, NULL, '2020-01-06 13:59:28');
INSERT INTO `orderdetail` VALUES (350, 161, 57, 59.70, 3, NULL, '2020-01-06 13:59:28');
INSERT INTO `orderdetail` VALUES (351, 161, 66, 59.70, 3, NULL, '2020-01-06 13:59:28');
INSERT INTO `orderdetail` VALUES (352, 162, 57, 59.70, 3, NULL, '2020-01-06 13:59:28');
INSERT INTO `orderdetail` VALUES (353, 162, 66, 59.70, 3, NULL, '2020-01-06 13:59:28');
INSERT INTO `orderdetail` VALUES (354, 163, 57, 59.70, 3, NULL, '2020-01-06 13:59:28');
INSERT INTO `orderdetail` VALUES (355, 163, 66, 59.70, 3, NULL, '2020-01-06 13:59:28');
INSERT INTO `orderdetail` VALUES (356, 164, 57, 59.70, 3, NULL, '2020-01-06 13:59:28');
INSERT INTO `orderdetail` VALUES (357, 164, 66, 59.70, 3, NULL, '2020-01-06 13:59:28');
INSERT INTO `orderdetail` VALUES (358, 165, 57, 59.70, 3, NULL, '2020-01-06 13:59:28');
INSERT INTO `orderdetail` VALUES (359, 165, 66, 59.70, 3, NULL, '2020-01-06 13:59:28');
INSERT INTO `orderdetail` VALUES (360, 166, 57, 59.70, 3, NULL, '2020-01-06 13:59:28');
INSERT INTO `orderdetail` VALUES (361, 166, 66, 59.70, 3, NULL, '2020-01-06 13:59:28');
INSERT INTO `orderdetail` VALUES (362, 167, 20, 29.90, 1, NULL, '2020-01-06 14:28:50');
INSERT INTO `orderdetail` VALUES (363, 167, 105, 59.70, 3, NULL, '2020-01-06 14:28:50');
INSERT INTO `orderdetail` VALUES (364, 167, 476, 119.60, 4, NULL, '2020-01-06 14:28:50');
INSERT INTO `orderdetail` VALUES (365, 168, 20, 29.90, 1, NULL, '2020-01-06 14:28:51');
INSERT INTO `orderdetail` VALUES (366, 168, 105, 59.70, 3, NULL, '2020-01-06 14:28:51');
INSERT INTO `orderdetail` VALUES (367, 168, 476, 119.60, 4, NULL, '2020-01-06 14:28:51');
INSERT INTO `orderdetail` VALUES (368, 169, 3, 29.90, 1, NULL, '2020-01-06 14:30:05');
INSERT INTO `orderdetail` VALUES (369, 169, 5, 59.70, 3, NULL, '2020-01-06 14:30:05');
INSERT INTO `orderdetail` VALUES (370, 169, 4, 119.60, 4, NULL, '2020-01-06 14:30:05');
INSERT INTO `orderdetail` VALUES (371, 170, 3, 29.90, 1, NULL, '2020-01-06 14:30:05');
INSERT INTO `orderdetail` VALUES (372, 170, 5, 59.70, 3, NULL, '2020-01-06 14:30:05');
INSERT INTO `orderdetail` VALUES (373, 170, 4, 119.60, 4, NULL, '2020-01-06 14:30:05');
INSERT INTO `orderdetail` VALUES (374, 171, 3, 29.90, 1, NULL, '2020-01-06 14:30:07');
INSERT INTO `orderdetail` VALUES (375, 171, 5, 59.70, 3, NULL, '2020-01-06 14:30:07');
INSERT INTO `orderdetail` VALUES (376, 171, 4, 119.60, 4, NULL, '2020-01-06 14:30:07');
INSERT INTO `orderdetail` VALUES (377, 172, 3, 29.90, 1, NULL, '2020-01-06 14:30:07');
INSERT INTO `orderdetail` VALUES (378, 172, 5, 59.70, 3, NULL, '2020-01-06 14:30:07');
INSERT INTO `orderdetail` VALUES (379, 172, 4, 119.60, 4, NULL, '2020-01-06 14:30:07');
INSERT INTO `orderdetail` VALUES (380, 173, 3, 29.90, 1, NULL, '2020-01-06 14:30:08');
INSERT INTO `orderdetail` VALUES (381, 173, 5, 59.70, 3, NULL, '2020-01-06 14:30:08');
INSERT INTO `orderdetail` VALUES (382, 173, 4, 119.60, 4, NULL, '2020-01-06 14:30:08');
INSERT INTO `orderdetail` VALUES (383, 174, 3, 29.90, 1, NULL, '2020-01-06 14:30:08');
INSERT INTO `orderdetail` VALUES (384, 174, 5, 59.70, 3, NULL, '2020-01-06 14:30:08');
INSERT INTO `orderdetail` VALUES (385, 174, 4, 119.60, 4, NULL, '2020-01-06 14:30:08');
INSERT INTO `orderdetail` VALUES (386, 175, 3, 149.50, 5, NULL, '2020-01-06 15:50:35');
INSERT INTO `orderdetail` VALUES (387, 175, 6, 149.50, 5, NULL, '2020-01-06 15:50:35');
INSERT INTO `orderdetail` VALUES (388, 175, 1, 149.50, 5, NULL, '2020-01-06 15:50:35');
INSERT INTO `orderdetail` VALUES (389, 175, 1, 149.50, 5, NULL, '2020-01-06 15:50:35');
INSERT INTO `orderdetail` VALUES (390, 175, 1, 149.50, 5, NULL, '2020-01-06 15:50:35');
INSERT INTO `orderdetail` VALUES (391, 176, 3, 149.50, 5, NULL, '2020-01-06 15:50:35');
INSERT INTO `orderdetail` VALUES (392, 176, 6, 149.50, 5, NULL, '2020-01-06 15:50:35');
INSERT INTO `orderdetail` VALUES (393, 176, 1, 149.50, 5, NULL, '2020-01-06 15:50:35');
INSERT INTO `orderdetail` VALUES (394, 176, 1, 149.50, 5, NULL, '2020-01-06 15:50:35');
INSERT INTO `orderdetail` VALUES (395, 176, 1, 149.50, 5, NULL, '2020-01-06 15:50:35');
INSERT INTO `orderdetail` VALUES (396, 177, 3, 119.60, 4, NULL, '2020-01-06 16:02:58');
INSERT INTO `orderdetail` VALUES (397, 177, 14, 89.70, 3, NULL, '2020-01-06 16:02:58');
INSERT INTO `orderdetail` VALUES (398, 177, 8584, 113328.00, 6, NULL, '2020-01-06 16:02:58');
INSERT INTO `orderdetail` VALUES (399, 177, 50, 19.90, 1, NULL, '2020-01-06 16:02:58');
INSERT INTO `orderdetail` VALUES (400, 178, 3, 119.60, 4, NULL, '2020-01-06 16:02:58');
INSERT INTO `orderdetail` VALUES (401, 178, 14, 89.70, 3, NULL, '2020-01-06 16:02:58');
INSERT INTO `orderdetail` VALUES (402, 178, 8584, 113328.00, 6, NULL, '2020-01-06 16:02:58');
INSERT INTO `orderdetail` VALUES (403, 178, 50, 19.90, 1, NULL, '2020-01-06 16:02:58');
INSERT INTO `orderdetail` VALUES (404, 179, 3, 89.70, 3, NULL, '2020-01-06 16:13:01');
INSERT INTO `orderdetail` VALUES (405, 179, 6, 119.60, 4, NULL, '2020-01-06 16:13:01');
INSERT INTO `orderdetail` VALUES (406, 179, 5, 79.60, 4, NULL, '2020-01-06 16:13:01');
INSERT INTO `orderdetail` VALUES (407, 180, 3, 89.70, 3, NULL, '2020-01-06 16:13:01');
INSERT INTO `orderdetail` VALUES (408, 180, 6, 119.60, 4, NULL, '2020-01-06 16:13:01');
INSERT INTO `orderdetail` VALUES (409, 180, 5, 79.60, 4, NULL, '2020-01-06 16:13:01');
INSERT INTO `orderdetail` VALUES (410, 181, 6, 89.70, 3, NULL, '2020-01-06 16:15:07');
INSERT INTO `orderdetail` VALUES (411, 181, 3, 119.60, 4, NULL, '2020-01-06 16:15:07');
INSERT INTO `orderdetail` VALUES (412, 182, 6, 89.70, 3, NULL, '2020-01-06 16:15:07');
INSERT INTO `orderdetail` VALUES (413, 182, 3, 119.60, 4, NULL, '2020-01-06 16:15:07');
INSERT INTO `orderdetail` VALUES (414, 183, 3, 89.70, 3, NULL, '2020-01-06 16:17:58');
INSERT INTO `orderdetail` VALUES (415, 183, 6, 119.60, 4, NULL, '2020-01-06 16:18:33');
INSERT INTO `orderdetail` VALUES (416, 183, 5, 59.70, 3, NULL, '2020-01-06 16:18:38');
INSERT INTO `orderdetail` VALUES (417, 184, 3, 89.70, 3, NULL, '2020-01-06 16:19:38');
INSERT INTO `orderdetail` VALUES (418, 184, 6, 119.60, 4, NULL, '2020-01-06 16:19:38');
INSERT INTO `orderdetail` VALUES (419, 184, 5, 59.70, 3, NULL, '2020-01-06 16:19:38');
INSERT INTO `orderdetail` VALUES (420, 185, 3, 89.70, 3, NULL, '2020-01-06 16:20:59');
INSERT INTO `orderdetail` VALUES (421, 185, 5, 79.60, 4, NULL, '2020-01-06 16:20:59');
INSERT INTO `orderdetail` VALUES (422, 186, 3, 89.70, 3, NULL, '2020-01-06 16:20:59');
INSERT INTO `orderdetail` VALUES (423, 186, 5, 79.60, 4, NULL, '2020-01-06 16:20:59');
INSERT INTO `orderdetail` VALUES (424, 187, 5, 39.80, 2, NULL, '2020-01-06 16:32:18');
INSERT INTO `orderdetail` VALUES (425, 187, 3, 89.70, 3, NULL, '2020-01-06 16:32:18');
INSERT INTO `orderdetail` VALUES (426, 188, 5, 39.80, 2, NULL, '2020-01-06 16:32:35');
INSERT INTO `orderdetail` VALUES (427, 188, 3, 89.70, 3, NULL, '2020-01-06 16:32:35');
INSERT INTO `orderdetail` VALUES (428, 189, 3, 29.90, 1, NULL, '2020-01-06 16:34:21');
INSERT INTO `orderdetail` VALUES (429, 189, 5, 39.80, 2, NULL, '2020-01-06 16:34:21');
INSERT INTO `orderdetail` VALUES (430, 190, 3, 29.90, 1, NULL, '2020-01-06 16:34:34');
INSERT INTO `orderdetail` VALUES (431, 190, 5, 39.80, 2, NULL, '2020-01-06 16:34:34');
INSERT INTO `orderdetail` VALUES (432, 191, 36, 99.50, 5, NULL, '2020-01-06 16:36:47');
INSERT INTO `orderdetail` VALUES (433, 192, 36, 99.50, 5, NULL, '2020-01-06 16:37:00');
INSERT INTO `orderdetail` VALUES (434, 193, 1, 59.80, 2, NULL, '2020-01-06 16:39:39');
INSERT INTO `orderdetail` VALUES (435, 193, 1, 59.80, 2, NULL, '2020-01-06 16:39:39');
INSERT INTO `orderdetail` VALUES (436, 193, 1, 59.80, 2, NULL, '2020-01-06 16:39:39');
INSERT INTO `orderdetail` VALUES (437, 193, 3, 508.30, 17, NULL, '2020-01-06 16:39:39');
INSERT INTO `orderdetail` VALUES (438, 193, 1, 59.80, 2, NULL, '2020-01-06 16:39:39');
INSERT INTO `orderdetail` VALUES (439, 193, 1, 59.80, 2, NULL, '2020-01-06 16:39:39');
INSERT INTO `orderdetail` VALUES (440, 193, 1, 59.80, 2, NULL, '2020-01-06 16:39:39');
INSERT INTO `orderdetail` VALUES (441, 193, 3, 59.80, 2, NULL, '2020-01-06 16:39:39');
INSERT INTO `orderdetail` VALUES (442, 193, 5, 218.90, 11, NULL, '2020-01-06 16:39:39');
INSERT INTO `orderdetail` VALUES (443, 193, 2, 279.30, 7, NULL, '2020-01-06 16:39:39');
INSERT INTO `orderdetail` VALUES (444, 193, 2, 279.30, 7, NULL, '2020-01-06 16:39:39');
INSERT INTO `orderdetail` VALUES (445, 193, 65, 19.90, 1, NULL, '2020-01-06 16:39:39');
INSERT INTO `orderdetail` VALUES (446, 193, 36, 497.50, 25, NULL, '2020-01-06 16:39:39');
INSERT INTO `orderdetail` VALUES (447, 193, 8582, 2332320.00, 10, NULL, '2020-01-06 16:39:39');
INSERT INTO `orderdetail` VALUES (448, 193, 12, 79.60, 4, NULL, '2020-01-06 16:39:39');
INSERT INTO `orderdetail` VALUES (449, 193, 37, 19.90, 1, NULL, '2020-01-06 16:39:39');
INSERT INTO `orderdetail` VALUES (450, 194, 1, 59.80, 2, NULL, '2020-01-06 16:39:39');
INSERT INTO `orderdetail` VALUES (451, 194, 1, 59.80, 2, NULL, '2020-01-06 16:39:39');
INSERT INTO `orderdetail` VALUES (452, 194, 1, 59.80, 2, NULL, '2020-01-06 16:39:39');
INSERT INTO `orderdetail` VALUES (453, 194, 3, 508.30, 17, NULL, '2020-01-06 16:39:39');
INSERT INTO `orderdetail` VALUES (454, 194, 1, 59.80, 2, NULL, '2020-01-06 16:39:39');
INSERT INTO `orderdetail` VALUES (455, 194, 1, 59.80, 2, NULL, '2020-01-06 16:39:39');
INSERT INTO `orderdetail` VALUES (456, 194, 1, 59.80, 2, NULL, '2020-01-06 16:39:39');
INSERT INTO `orderdetail` VALUES (457, 194, 3, 59.80, 2, NULL, '2020-01-06 16:39:39');
INSERT INTO `orderdetail` VALUES (458, 194, 5, 218.90, 11, NULL, '2020-01-06 16:39:39');
INSERT INTO `orderdetail` VALUES (459, 194, 2, 279.30, 7, NULL, '2020-01-06 16:39:39');
INSERT INTO `orderdetail` VALUES (460, 194, 2, 279.30, 7, NULL, '2020-01-06 16:39:39');
INSERT INTO `orderdetail` VALUES (461, 194, 65, 19.90, 1, NULL, '2020-01-06 16:39:39');
INSERT INTO `orderdetail` VALUES (462, 194, 36, 497.50, 25, NULL, '2020-01-06 16:39:39');
INSERT INTO `orderdetail` VALUES (463, 194, 8582, 2332320.00, 10, NULL, '2020-01-06 16:39:39');
INSERT INTO `orderdetail` VALUES (464, 194, 12, 79.60, 4, NULL, '2020-01-06 16:39:39');
INSERT INTO `orderdetail` VALUES (465, 194, 37, 19.90, 1, NULL, '2020-01-06 16:39:39');
INSERT INTO `orderdetail` VALUES (466, 195, 1, 59.80, 2, NULL, '2020-01-06 16:40:32');
INSERT INTO `orderdetail` VALUES (467, 195, 1, 59.80, 2, NULL, '2020-01-06 16:40:32');
INSERT INTO `orderdetail` VALUES (468, 195, 1, 59.80, 2, NULL, '2020-01-06 16:40:32');
INSERT INTO `orderdetail` VALUES (469, 195, 3, 508.30, 17, NULL, '2020-01-06 16:40:32');
INSERT INTO `orderdetail` VALUES (470, 195, 1, 59.80, 2, NULL, '2020-01-06 16:40:32');
INSERT INTO `orderdetail` VALUES (471, 195, 1, 59.80, 2, NULL, '2020-01-06 16:40:32');
INSERT INTO `orderdetail` VALUES (472, 195, 1, 59.80, 2, NULL, '2020-01-06 16:40:32');
INSERT INTO `orderdetail` VALUES (473, 195, 3, 59.80, 2, NULL, '2020-01-06 16:40:32');
INSERT INTO `orderdetail` VALUES (474, 195, 5, 218.90, 11, NULL, '2020-01-06 16:40:32');
INSERT INTO `orderdetail` VALUES (475, 195, 2, 279.30, 7, NULL, '2020-01-06 16:40:32');
INSERT INTO `orderdetail` VALUES (476, 195, 2, 279.30, 7, NULL, '2020-01-06 16:40:32');
INSERT INTO `orderdetail` VALUES (477, 195, 65, 19.90, 1, NULL, '2020-01-06 16:40:32');
INSERT INTO `orderdetail` VALUES (478, 195, 36, 497.50, 25, NULL, '2020-01-06 16:40:32');
INSERT INTO `orderdetail` VALUES (479, 195, 8582, 2332320.00, 10, NULL, '2020-01-06 16:40:32');
INSERT INTO `orderdetail` VALUES (480, 195, 12, 79.60, 4, NULL, '2020-01-06 16:40:32');
INSERT INTO `orderdetail` VALUES (481, 195, 37, 19.90, 1, NULL, '2020-01-06 16:40:32');
INSERT INTO `orderdetail` VALUES (482, 196, 1, 59.80, 2, NULL, '2020-01-06 16:40:32');
INSERT INTO `orderdetail` VALUES (483, 196, 1, 59.80, 2, NULL, '2020-01-06 16:40:32');
INSERT INTO `orderdetail` VALUES (484, 196, 1, 59.80, 2, NULL, '2020-01-06 16:40:32');
INSERT INTO `orderdetail` VALUES (485, 196, 3, 508.30, 17, NULL, '2020-01-06 16:40:32');
INSERT INTO `orderdetail` VALUES (486, 196, 1, 59.80, 2, NULL, '2020-01-06 16:40:32');
INSERT INTO `orderdetail` VALUES (487, 196, 1, 59.80, 2, NULL, '2020-01-06 16:40:32');
INSERT INTO `orderdetail` VALUES (488, 196, 1, 59.80, 2, NULL, '2020-01-06 16:40:32');
INSERT INTO `orderdetail` VALUES (489, 196, 3, 59.80, 2, NULL, '2020-01-06 16:40:32');
INSERT INTO `orderdetail` VALUES (490, 196, 5, 218.90, 11, NULL, '2020-01-06 16:40:32');
INSERT INTO `orderdetail` VALUES (491, 196, 2, 279.30, 7, NULL, '2020-01-06 16:40:32');
INSERT INTO `orderdetail` VALUES (492, 196, 2, 279.30, 7, NULL, '2020-01-06 16:40:32');
INSERT INTO `orderdetail` VALUES (493, 196, 65, 19.90, 1, NULL, '2020-01-06 16:40:32');
INSERT INTO `orderdetail` VALUES (494, 196, 36, 497.50, 25, NULL, '2020-01-06 16:40:32');
INSERT INTO `orderdetail` VALUES (495, 196, 8582, 2332320.00, 10, NULL, '2020-01-06 16:40:32');
INSERT INTO `orderdetail` VALUES (496, 196, 12, 79.60, 4, NULL, '2020-01-06 16:40:32');
INSERT INTO `orderdetail` VALUES (497, 196, 37, 19.90, 1, NULL, '2020-01-06 16:40:32');
INSERT INTO `orderdetail` VALUES (498, 197, 3, 119.60, 4, NULL, '2020-01-06 16:41:29');
INSERT INTO `orderdetail` VALUES (499, 197, 6, 89.70, 3, NULL, '2020-01-06 16:41:29');
INSERT INTO `orderdetail` VALUES (500, 197, 5, 79.60, 4, NULL, '2020-01-06 16:41:29');
INSERT INTO `orderdetail` VALUES (501, 198, 3, 149.50, 5, NULL, '2020-01-06 16:44:49');
INSERT INTO `orderdetail` VALUES (502, 198, 5, 119.40, 6, NULL, '2020-01-06 16:44:49');
INSERT INTO `orderdetail` VALUES (503, 199, 4, 29.90, 1, NULL, '2020-01-06 16:45:50');
INSERT INTO `orderdetail` VALUES (504, 200, 119, 19.90, 1, NULL, '2020-01-06 16:46:57');
INSERT INTO `orderdetail` VALUES (505, 200, 128, 19.90, 1, NULL, '2020-01-06 16:46:57');
INSERT INTO `orderdetail` VALUES (506, 200, 118, 39.80, 2, NULL, '2020-01-06 16:46:57');
INSERT INTO `orderdetail` VALUES (507, 200, 120, 59.70, 3, NULL, '2020-01-06 16:46:57');
INSERT INTO `orderdetail` VALUES (508, 200, 174, 39.80, 2, NULL, '2020-01-06 16:46:57');
INSERT INTO `orderdetail` VALUES (509, 201, 119, 19.90, 1, NULL, '2020-01-06 16:47:01');
INSERT INTO `orderdetail` VALUES (510, 201, 128, 19.90, 1, NULL, '2020-01-06 16:47:01');
INSERT INTO `orderdetail` VALUES (511, 201, 118, 39.80, 2, NULL, '2020-01-06 16:47:01');
INSERT INTO `orderdetail` VALUES (512, 201, 120, 59.70, 3, NULL, '2020-01-06 16:47:01');
INSERT INTO `orderdetail` VALUES (513, 201, 174, 39.80, 2, NULL, '2020-01-06 16:47:01');
INSERT INTO `orderdetail` VALUES (514, 202, 5, 99.50, 5, NULL, '2020-01-06 16:49:22');
INSERT INTO `orderdetail` VALUES (515, 202, 6, 89.70, 3, NULL, '2020-01-06 16:49:22');
INSERT INTO `orderdetail` VALUES (516, 203, 5, 99.50, 5, NULL, '2020-01-06 16:49:25');
INSERT INTO `orderdetail` VALUES (517, 203, 6, 89.70, 3, NULL, '2020-01-06 16:49:25');
INSERT INTO `orderdetail` VALUES (518, 204, 5, 159.20, 8, NULL, '2020-01-06 16:52:05');
INSERT INTO `orderdetail` VALUES (519, 204, 3, 179.40, 6, NULL, '2020-01-06 16:52:05');
INSERT INTO `orderdetail` VALUES (520, 204, 6, 89.70, 3, NULL, '2020-01-06 16:52:05');
INSERT INTO `orderdetail` VALUES (521, 205, 5, 159.20, 8, NULL, '2020-01-06 16:52:08');
INSERT INTO `orderdetail` VALUES (522, 205, 3, 179.40, 6, NULL, '2020-01-06 16:52:08');
INSERT INTO `orderdetail` VALUES (523, 205, 6, 89.70, 3, NULL, '2020-01-06 16:52:08');
INSERT INTO `orderdetail` VALUES (524, 206, 3, 119.60, 4, NULL, '2020-01-06 16:53:47');
INSERT INTO `orderdetail` VALUES (525, 206, 119, 59.70, 3, NULL, '2020-01-06 16:53:47');
INSERT INTO `orderdetail` VALUES (526, 207, 3, 89.70, 3, NULL, '2020-01-06 17:54:49');
INSERT INTO `orderdetail` VALUES (527, 208, 3, 89.70, 3, NULL, '2020-01-06 17:54:49');
INSERT INTO `orderdetail` VALUES (528, 209, 119, 39.80, 2, NULL, '2020-01-06 18:13:57');
INSERT INTO `orderdetail` VALUES (529, 210, 119, 39.80, 2, NULL, '2020-01-06 18:13:58');
INSERT INTO `orderdetail` VALUES (530, 211, 174, 19.90, 1, NULL, '2020-01-06 18:16:20');
INSERT INTO `orderdetail` VALUES (531, 211, 118, 39.80, 2, NULL, '2020-01-06 18:16:20');
INSERT INTO `orderdetail` VALUES (532, 211, 3, 59.80, 2, NULL, '2020-01-06 18:16:20');
INSERT INTO `orderdetail` VALUES (533, 211, 119, 79.60, 4, NULL, '2020-01-06 18:16:20');
INSERT INTO `orderdetail` VALUES (534, 212, 174, 59.70, 3, NULL, '2020-01-06 18:20:14');
INSERT INTO `orderdetail` VALUES (535, 213, 37, 99.50, 5, NULL, '2020-01-07 08:48:05');
INSERT INTO `orderdetail` VALUES (536, 214, 3, 59.80, 2, NULL, '2020-01-07 09:30:23');
INSERT INTO `orderdetail` VALUES (537, 215, 119, 59.70, 3, NULL, '2020-01-07 11:46:37');
INSERT INTO `orderdetail` VALUES (538, 215, 37, 79.60, 4, NULL, '2020-01-07 11:46:37');
INSERT INTO `orderdetail` VALUES (539, 215, 120, 59.70, 3, NULL, '2020-01-07 11:46:37');

-- ----------------------------
-- Table structure for orders
-- ----------------------------
DROP TABLE IF EXISTS `orders`;
CREATE TABLE `orders`  (
  `orderId` int(11) NOT NULL AUTO_INCREMENT COMMENT '订单id',
  `userId` int(11) NOT NULL DEFAULT 0 COMMENT '用户id',
  `orderState` int(11) DEFAULT 0 COMMENT '订单状态',
  `reciverName` varchar(50) CHARACTER SET utf8 COLLATE utf8_general_ci NOT NULL DEFAULT '' COMMENT '收货人姓名',
  `reciverPhone` varchar(50) CHARACTER SET utf8 COLLATE utf8_general_ci NOT NULL DEFAULT '' COMMENT '收货人电话',
  `reciverAddress` varchar(255) CHARACTER SET utf8 COLLATE utf8_general_ci NOT NULL DEFAULT '' COMMENT '收货人地址',
  `freight` decimal(14, 2) NOT NULL DEFAULT 0.00 COMMENT '运费',
  `senderName` varchar(50) CHARACTER SET utf8 COLLATE utf8_general_ci NOT NULL DEFAULT '' COMMENT '发货人姓名',
  `senderPhone` varchar(50) CHARACTER SET utf8 COLLATE utf8_general_ci NOT NULL DEFAULT '' COMMENT '发货人电话',
  `senderDate` varchar(50) CHARACTER SET utf8 COLLATE utf8_general_ci NOT NULL DEFAULT '' COMMENT '发货时间',
  `senderPlace` varchar(50) CHARACTER SET utf8 COLLATE utf8_general_ci NOT NULL DEFAULT '' COMMENT '发货地',
  `payMethodCode` int(11) NOT NULL DEFAULT 0 COMMENT '支付方式编码',
  `createTime` varchar(50) CHARACTER SET utf8 COLLATE utf8_general_ci DEFAULT NULL COMMENT '创建时间',
  `updateTime` timestamp NOT NULL DEFAULT CURRENT_TIMESTAMP ON UPDATE CURRENT_TIMESTAMP COMMENT '更新时间',
  `totalPrice` decimal(14, 2) NOT NULL DEFAULT 0.00 COMMENT '订单总价',
  PRIMARY KEY USING BTREE (`orderId`),
  INDEX `fk_userId2` USING BTREE(`userId`),
  INDEX `fk_payMethodCode` USING BTREE(`payMethodCode`),
  CONSTRAINT `fk_payMethodCode` FOREIGN KEY (`payMethodCode`) REFERENCES `paymethod` (`payMethodCode`) ON DELETE RESTRICT ON UPDATE RESTRICT,
  CONSTRAINT `fk_userId2` FOREIGN KEY (`userId`) REFERENCES `users` (`userId`) ON DELETE RESTRICT ON UPDATE RESTRICT
) ENGINE = InnoDB AUTO_INCREMENT = 216 CHARACTER SET = utf8 COLLATE = utf8_general_ci COMMENT = '订单表' ROW_FORMAT = Compact;

-- ----------------------------
-- Records of orders
-- ----------------------------
INSERT INTO `orders` VALUES (1, 1, 0, '张三', '17755667899', '南京', 0.00, '', '', '', '', 1, '2019-12-27 11:32:27', '2020-01-03 17:31:23', 1000.12);
INSERT INTO `orders` VALUES (2, 1, 0, '李四', '18899634511', '上海', 0.00, '', '', '', '', 2, '2019-12-27 11:32:27', '2020-01-03 10:42:27', 2000.00);
INSERT INTO `orders` VALUES (3, 1, 2, '王五', '15635825567', '广州', 0.00, '', '', '', '', 3, '2019-12-27 11:32:27', '2020-01-06 14:24:15', 3001.34);
INSERT INTO `orders` VALUES (4, 1, 2, '赵六', '13621541511', '北京', 0.00, '', '', '', '', 4, '2019-12-27 11:32:27', '2020-01-03 10:42:39', 521.34);
INSERT INTO `orders` VALUES (5, 1, 3, '小明', '11651621815', '上海', 0.00, '', '', '', '', 2, '2019-12-27 11:32:27', '2020-01-03 10:42:47', 4343.23);
INSERT INTO `orders` VALUES (6, 1, 2, '1', '1', '1', 1.00, '1', '1', '1', '1', 1, '1', '2020-01-06 14:25:12', 1.00);
INSERT INTO `orders` VALUES (7, 1, 2, '1', '1', '1', 1.00, '1', '1', '1', '1', 1, '1', '2020-01-07 13:22:29', 1.00);
INSERT INTO `orders` VALUES (8, 1, 1, '1', '1', '1', 1.00, '1', '1', '1', '1', 1, '1', '2020-01-03 18:09:02', 1.00);
INSERT INTO `orders` VALUES (9, 36, 0, '买家01', '13951662735', '江苏南京市鼓楼区17-09-88', 0.00, '卖家', '1234566235', '20102000', '浙江杭州', 1, '200120020', '2020-01-06 09:45:46', 149.40);
INSERT INTO `orders` VALUES (10, 36, 0, '买家01', '13951662735', '江苏南京市鼓楼区17-09-88', 0.00, '卖家', '1234566235', '20102000', '浙江杭州', 1, '200120020', '2020-01-06 09:47:13', 149.40);
INSERT INTO `orders` VALUES (11, 36, 0, '买家01', '13951662735', '江苏南京市鼓楼区17-09-88', 0.00, '卖家', '1234566235', '20102000', '浙江杭州', 1, '200120020', '2020-01-06 10:00:36', 149.40);
INSERT INTO `orders` VALUES (12, 36, 0, '买家01', '13951662735', '江苏南京市鼓楼区17-09-88', 0.00, '卖家', '1234566235', '20102000', '浙江杭州', 1, '200120020', '2020-01-06 10:04:55', 149.40);
INSERT INTO `orders` VALUES (13, 36, 0, '买家01', '13951662735', '江苏南京市鼓楼区17-09-88', 0.00, '卖家', '1234566235', '20102000', '浙江杭州', 1, '200120020', '2020-01-06 10:06:36', 149.40);
INSERT INTO `orders` VALUES (14, 36, 0, '买家01', '13951662735', '江苏南京市鼓楼区17-09-88', 0.00, '卖家', '1234566235', '20102000', '浙江杭州', 1, '200120020', '2020-01-06 10:06:43', 149.40);
INSERT INTO `orders` VALUES (15, 9, 0, '买家01', '13951662735', '江苏南京市鼓楼区17-09-88', 0.00, '卖家', '1234566235', '20102000', '浙江杭州', 1, '200120020', '2020-01-06 10:28:22', 139.50);
INSERT INTO `orders` VALUES (16, 9, 0, '买家01', '13951662735', '江苏南京市鼓楼区17-09-88', 0.00, '卖家', '1234566235', '20102000', '浙江杭州', 1, '200120020', '2020-01-06 10:28:22', 139.50);
INSERT INTO `orders` VALUES (17, 9, 0, '买家01', '13951662735', '江苏南京市鼓楼区17-09-88', 0.00, '卖家', '1234566235', '20102000', '浙江杭州', 1, '200120020', '2020-01-06 10:28:43', 139.50);
INSERT INTO `orders` VALUES (18, 9, 0, '买家01', '13951662735', '江苏南京市鼓楼区17-09-88', 0.00, '卖家', '1234566235', '20102000', '浙江杭州', 1, '200120020', '2020-01-06 10:39:03', 139.50);
INSERT INTO `orders` VALUES (19, 9, 0, '买家01', '13951662735', '江苏南京市鼓楼区17-09-88', 0.00, '卖家', '1234566235', '20102000', '浙江杭州', 1, '200120020', '2020-01-06 10:39:03', 139.50);
INSERT INTO `orders` VALUES (20, 9, 0, '买家01', '13951662735', '江苏南京市鼓楼区17-09-88', 0.00, '卖家', '1234566235', '20102000', '浙江杭州', 1, '200120020', '2020-01-06 10:39:03', 139.50);
INSERT INTO `orders` VALUES (21, 9, 0, '买家01', '13951662735', '江苏南京市鼓楼区17-09-88', 0.00, '卖家', '1234566235', '20102000', '浙江杭州', 1, '200120020', '2020-01-06 10:39:44', 139.50);
INSERT INTO `orders` VALUES (22, 9, 0, '买家01', '13951662735', '江苏南京市鼓楼区17-09-88', 0.00, '卖家', '1234566235', '20102000', '浙江杭州', 1, '200120020', '2020-01-06 10:39:44', 139.50);
INSERT INTO `orders` VALUES (23, 9, 0, '买家01', '13951662735', '江苏南京市鼓楼区17-09-88', 0.00, '卖家', '1234566235', '20102000', '浙江杭州', 1, '200120020', '2020-01-06 10:39:44', 139.50);
INSERT INTO `orders` VALUES (24, 9, 0, '买家01', '13951662735', '江苏南京市鼓楼区17-09-88', 0.00, '卖家', '1234566235', '20102000', '浙江杭州', 1, '200120020', '2020-01-06 10:39:44', 139.50);
INSERT INTO `orders` VALUES (25, 9, 0, '买家01', '13951662735', '江苏南京市鼓楼区17-09-88', 0.00, '卖家', '1234566235', '20102000', '浙江杭州', 1, '200120020', '2020-01-06 10:39:46', 139.50);
INSERT INTO `orders` VALUES (26, 9, 0, '买家01', '13951662735', '江苏南京市鼓楼区17-09-88', 0.00, '卖家', '1234566235', '20102000', '浙江杭州', 1, '200120020', '2020-01-06 10:40:06', 139.50);
INSERT INTO `orders` VALUES (27, 9, 0, '买家01', '13951662735', '江苏南京市鼓楼区17-09-88', 0.00, '卖家', '1234566235', '20102000', '浙江杭州', 1, '200120020', '2020-01-06 10:40:06', 139.50);
INSERT INTO `orders` VALUES (28, 9, 0, '买家01', '13951662735', '江苏南京市鼓楼区17-09-88', 0.00, '卖家', '1234566235', '20102000', '浙江杭州', 1, '200120020', '2020-01-06 10:40:06', 139.50);
INSERT INTO `orders` VALUES (29, 9, 0, '买家01', '13951662735', '江苏南京市鼓楼区17-09-88', 0.00, '卖家', '1234566235', '20102000', '浙江杭州', 1, '200120020', '2020-01-06 10:40:06', 139.50);
INSERT INTO `orders` VALUES (30, 9, 0, '买家01', '13951662735', '江苏南京市鼓楼区17-09-88', 0.00, '卖家', '1234566235', '20102000', '浙江杭州', 1, '200120020', '2020-01-06 10:40:06', 139.50);
INSERT INTO `orders` VALUES (31, 9, 0, '买家01', '13951662735', '江苏南京市鼓楼区17-09-88', 0.00, '卖家', '1234566235', '20102000', '浙江杭州', 1, '200120020', '2020-01-06 10:40:36', 89.70);
INSERT INTO `orders` VALUES (32, 9, 0, '买家01', '13951662735', '江苏南京市鼓楼区17-09-88', 0.00, '卖家', '1234566235', '20102000', '浙江杭州', 1, '200120020', '2020-01-06 10:40:36', 89.70);
INSERT INTO `orders` VALUES (33, 9, 0, '买家01', '13951662735', '江苏南京市鼓楼区17-09-88', 0.00, '卖家', '1234566235', '20102000', '浙江杭州', 1, '200120020', '2020-01-06 10:40:39', 89.70);
INSERT INTO `orders` VALUES (34, 9, 0, '买家01', '13951662735', '江苏南京市鼓楼区17-09-88', 0.00, '卖家', '1234566235', '20102000', '浙江杭州', 1, '200120020', '2020-01-06 10:40:40', 89.70);
INSERT INTO `orders` VALUES (35, 9, 0, '买家01', '13951662735', '江苏南京市鼓楼区17-09-88', 0.00, '卖家', '1234566235', '20102000', '浙江杭州', 1, '200120020', '2020-01-06 10:40:40', 89.70);
INSERT INTO `orders` VALUES (36, 9, 0, '买家01', '13951662735', '江苏南京市鼓楼区17-09-88', 0.00, '卖家', '1234566235', '20102000', '浙江杭州', 1, '200120020', '2020-01-06 10:40:40', 89.70);
INSERT INTO `orders` VALUES (37, 9, 0, '买家01', '13951662735', '江苏南京市鼓楼区17-09-88', 0.00, '卖家', '1234566235', '20102000', '浙江杭州', 1, '200120020', '2020-01-06 10:40:40', 89.70);
INSERT INTO `orders` VALUES (38, 9, 0, '买家01', '13951662735', '江苏南京市鼓楼区17-09-88', 0.00, '卖家', '1234566235', '20102000', '浙江杭州', 1, '200120020', '2020-01-06 10:40:40', 89.70);
INSERT INTO `orders` VALUES (39, 9, 0, '买家01', '13951662735', '江苏南京市鼓楼区17-09-88', 0.00, '卖家', '1234566235', '20102000', '浙江杭州', 1, '200120020', '2020-01-06 10:42:03', 89.70);
INSERT INTO `orders` VALUES (40, 9, 0, '买家01', '13951662735', '江苏南京市鼓楼区17-09-88', 0.00, '卖家', '1234566235', '20102000', '浙江杭州', 1, '200120020', '2020-01-06 10:42:03', 89.70);
INSERT INTO `orders` VALUES (41, 9, 0, '买家01', '13951662735', '江苏南京市鼓楼区17-09-88', 0.00, '卖家', '1234566235', '20102000', '浙江杭州', 1, '200120020', '2020-01-06 10:42:04', 89.70);
INSERT INTO `orders` VALUES (42, 9, 0, '买家01', '13951662735', '江苏南京市鼓楼区17-09-88', 0.00, '卖家', '1234566235', '20102000', '浙江杭州', 1, '200120020', '2020-01-06 10:42:04', 89.70);
INSERT INTO `orders` VALUES (43, 9, 0, '买家01', '13951662735', '江苏南京市鼓楼区17-09-88', 0.00, '卖家', '1234566235', '20102000', '浙江杭州', 1, '200120020', '2020-01-06 10:42:04', 89.70);
INSERT INTO `orders` VALUES (44, 9, 0, '买家01', '13951662735', '江苏南京市鼓楼区17-09-88', 0.00, '卖家', '1234566235', '20102000', '浙江杭州', 1, '200120020', '2020-01-06 10:42:04', 89.70);
INSERT INTO `orders` VALUES (45, 9, 0, '买家01', '13951662735', '江苏南京市鼓楼区17-09-88', 0.00, '卖家', '1234566235', '20102000', '浙江杭州', 1, '200120020', '2020-01-06 10:42:04', 89.70);
INSERT INTO `orders` VALUES (46, 9, 0, '买家01', '13951662735', '江苏南京市鼓楼区17-09-88', 0.00, '卖家', '1234566235', '20102000', '浙江杭州', 1, '200120020', '2020-01-06 10:42:04', 89.70);
INSERT INTO `orders` VALUES (47, 9, 0, '买家01', '13951662735', '江苏南京市鼓楼区17-09-88', 0.00, '卖家', '1234566235', '20102000', '浙江杭州', 1, '200120020', '2020-01-06 10:42:20', 89.70);
INSERT INTO `orders` VALUES (48, 9, 0, '买家01', '13951662735', '江苏南京市鼓楼区17-09-88', 0.00, '卖家', '1234566235', '20102000', '浙江杭州', 1, '200120020', '2020-01-06 10:42:31', 89.70);
INSERT INTO `orders` VALUES (49, 9, 0, '买家01', '13951662735', '江苏南京市鼓楼区17-09-88', 0.00, '卖家', '1234566235', '20102000', '浙江杭州', 1, '200120020', '2020-01-06 10:42:31', 89.70);
INSERT INTO `orders` VALUES (50, 9, 0, '买家01', '13951662735', '江苏南京市鼓楼区17-09-88', 0.00, '卖家', '1234566235', '20102000', '浙江杭州', 1, '200120020', '2020-01-06 10:42:31', 89.70);
INSERT INTO `orders` VALUES (51, 9, 0, '买家01', '13951662735', '江苏南京市鼓楼区17-09-88', 0.00, '卖家', '1234566235', '20102000', '浙江杭州', 1, '200120020', '2020-01-06 10:42:31', 89.70);
INSERT INTO `orders` VALUES (52, 9, 0, '买家01', '13951662735', '江苏南京市鼓楼区17-09-88', 0.00, '卖家', '1234566235', '20102000', '浙江杭州', 1, '200120020', '2020-01-06 10:42:31', 89.70);
INSERT INTO `orders` VALUES (53, 9, 0, '买家01', '13951662735', '江苏南京市鼓楼区17-09-88', 0.00, '卖家', '1234566235', '20102000', '浙江杭州', 1, '200120020', '2020-01-06 10:42:32', 89.70);
INSERT INTO `orders` VALUES (54, 9, 0, '买家01', '13951662735', '江苏南京市鼓楼区17-09-88', 0.00, '卖家', '1234566235', '20102000', '浙江杭州', 1, '200120020', '2020-01-06 10:42:55', 89.70);
INSERT INTO `orders` VALUES (55, 9, 0, '买家01', '13951662735', '江苏南京市鼓楼区17-09-88', 0.00, '卖家', '1234566235', '20102000', '浙江杭州', 1, '200120020', '2020-01-06 10:42:55', 89.70);
INSERT INTO `orders` VALUES (56, 9, 0, '买家01', '13951662735', '江苏南京市鼓楼区17-09-88', 0.00, '卖家', '1234566235', '20102000', '浙江杭州', 1, '200120020', '2020-01-06 10:44:33', 89.70);
INSERT INTO `orders` VALUES (57, 3, 0, '买家01', '13951662735', '江苏南京市鼓楼区17-09-88', 0.00, '卖家', '1234566235', '20102000', '浙江杭州', 1, '200120020', '2020-01-06 10:52:14', 109.60);
INSERT INTO `orders` VALUES (58, 3, 0, '买家01', '13951662735', '江苏南京市鼓楼区17-09-88', 0.00, '卖家', '1234566235', '20102000', '浙江杭州', 1, '200120020', '2020-01-06 10:52:14', 109.60);
INSERT INTO `orders` VALUES (59, 4, 0, '买家01', '13951662735', '江苏南京市鼓楼区17-09-88', 0.00, '卖家', '1234566235', '20102000', '浙江杭州', 1, '200120020', '2020-01-06 10:59:08', 29.90);
INSERT INTO `orders` VALUES (60, 4, 0, '买家01', '13951662735', '江苏南京市鼓楼区17-09-88', 0.00, '卖家', '1234566235', '20102000', '浙江杭州', 1, '200120020', '2020-01-06 10:59:13', 29.90);
INSERT INTO `orders` VALUES (61, 4, 0, '买家01', '13951662735', '江苏南京市鼓楼区17-09-88', 0.00, '卖家', '1234566235', '20102000', '浙江杭州', 1, '200120020', '2020-01-06 10:59:47', 29.90);
INSERT INTO `orders` VALUES (62, 4, 0, '买家01', '13951662735', '江苏南京市鼓楼区17-09-88', 0.00, '卖家', '1234566235', '20102000', '浙江杭州', 1, '200120020', '2020-01-06 10:59:48', 29.90);
INSERT INTO `orders` VALUES (63, 4, 0, '买家01', '13951662735', '江苏南京市鼓楼区17-09-88', 0.00, '卖家', '1234566235', '20102000', '浙江杭州', 1, '200120020', '2020-01-06 10:59:49', 29.90);
INSERT INTO `orders` VALUES (64, 4, 0, '买家01', '13951662735', '江苏南京市鼓楼区17-09-88', 0.00, '卖家', '1234566235', '20102000', '浙江杭州', 1, '200120020', '2020-01-06 10:59:49', 29.90);
INSERT INTO `orders` VALUES (65, 4, 0, '买家01', '13951662735', '江苏南京市鼓楼区17-09-88', 0.00, '卖家', '1234566235', '20102000', '浙江杭州', 1, '200120020', '2020-01-06 10:59:49', 29.90);
INSERT INTO `orders` VALUES (66, 4, 0, '买家01', '13951662735', '江苏南京市鼓楼区17-09-88', 0.00, '卖家', '1234566235', '20102000', '浙江杭州', 1, '200120020', '2020-01-06 10:59:49', 29.90);
INSERT INTO `orders` VALUES (67, 4, 0, '买家01', '13951662735', '江苏南京市鼓楼区17-09-88', 0.00, '卖家', '1234566235', '20102000', '浙江杭州', 1, '200120020', '2020-01-06 10:59:51', 29.90);
INSERT INTO `orders` VALUES (68, 4, 0, '买家01', '13951662735', '江苏南京市鼓楼区17-09-88', 0.00, '卖家', '1234566235', '20102000', '浙江杭州', 1, '200120020', '2020-01-06 10:59:51', 29.90);
INSERT INTO `orders` VALUES (69, 4, 0, '买家01', '13951662735', '江苏南京市鼓楼区17-09-88', 0.00, '卖家', '1234566235', '20102000', '浙江杭州', 1, '200120020', '2020-01-06 10:59:51', 29.90);
INSERT INTO `orders` VALUES (70, 4, 0, '买家01', '13951662735', '江苏南京市鼓楼区17-09-88', 0.00, '卖家', '1234566235', '20102000', '浙江杭州', 1, '200120020', '2020-01-06 11:04:44', 29.90);
INSERT INTO `orders` VALUES (71, 4, 0, '买家01', '13951662735', '江苏南京市鼓楼区17-09-88', 0.00, '卖家', '1234566235', '20102000', '浙江杭州', 1, '200120020', '2020-01-06 11:04:45', 29.90);
INSERT INTO `orders` VALUES (72, 1, 0, '买家01', '13951662735', '江苏南京市鼓楼区17-09-88', 0.00, '卖家', '1234566235', '20102000', '浙江杭州', 1, '200120020', '2020-01-06 11:05:04', 29.90);
INSERT INTO `orders` VALUES (73, 4, 0, '买家01', '13951662735', '江苏南京市鼓楼区17-09-88', 0.00, '卖家', '1234566235', '20102000', '浙江杭州', 1, '200120020', '2020-01-06 11:13:37', 29.90);
INSERT INTO `orders` VALUES (74, 4, 0, '买家01', '13951662735', '江苏南京市鼓楼区17-09-88', 0.00, '卖家', '1234566235', '20102000', '浙江杭州', 1, '200120020', '2020-01-06 11:14:35', 149.50);
INSERT INTO `orders` VALUES (75, 4, 0, '买家01', '13951662735', '江苏南京市鼓楼区17-09-88', 0.00, '卖家', '1234566235', '20102000', '浙江杭州', 1, '200120020', '2020-01-06 11:19:34', 149.40);
INSERT INTO `orders` VALUES (76, 4, 0, '买家01', '13951662735', '江苏南京市鼓楼区17-09-88', 0.00, '卖家', '1234566235', '20102000', '浙江杭州', 1, '200120020', '2020-01-06 11:20:06', 149.40);
INSERT INTO `orders` VALUES (77, 4, 0, '买家01', '13951662735', '江苏南京市鼓楼区17-09-88', 0.00, '卖家', '1234566235', '20102000', '浙江杭州', 1, '200120020', '2020-01-06 11:28:22', 149.40);
INSERT INTO `orders` VALUES (78, 4, 0, '买家01', '13951662735', '江苏南京市鼓楼区17-09-88', 0.00, '卖家', '1234566235', '20102000', '浙江杭州', 1, '200120020', '2020-01-06 11:37:38', 149.40);
INSERT INTO `orders` VALUES (79, 4, 0, '买家01', '13951662735', '江苏南京市鼓楼区17-09-88', 0.00, '卖家', '1234566235', '20102000', '浙江杭州', 1, '200120020', '2020-01-06 11:37:59', 149.40);
INSERT INTO `orders` VALUES (80, 4, 0, '买家01', '13951662735', '江苏南京市鼓楼区17-09-88', 0.00, '卖家', '1234566235', '20102000', '浙江杭州', 1, '200120020', '2020-01-06 11:37:59', 149.40);
INSERT INTO `orders` VALUES (81, 4, 0, '买家01', '13951662735', '江苏南京市鼓楼区17-09-88', 0.00, '卖家', '1234566235', '20102000', '浙江杭州', 1, '200120020', '2020-01-06 11:37:59', 149.40);
INSERT INTO `orders` VALUES (82, 4, 0, '买家01', '13951662735', '江苏南京市鼓楼区17-09-88', 0.00, '卖家', '1234566235', '20102000', '浙江杭州', 1, '200120020', '2020-01-06 11:37:59', 149.40);
INSERT INTO `orders` VALUES (83, 4, 0, '买家01', '13951662735', '江苏南京市鼓楼区17-09-88', 0.00, '卖家', '1234566235', '20102000', '浙江杭州', 1, '200120020', '2020-01-06 11:37:59', 149.40);
INSERT INTO `orders` VALUES (84, 4, 0, '买家01', '13951662735', '江苏南京市鼓楼区17-09-88', 0.00, '卖家', '1234566235', '20102000', '浙江杭州', 1, '200120020', '2020-01-06 11:37:59', 149.40);
INSERT INTO `orders` VALUES (85, 4, 0, '买家01', '13951662735', '江苏南京市鼓楼区17-09-88', 0.00, '卖家', '1234566235', '20102000', '浙江杭州', 1, '200120020', '2020-01-06 11:37:59', 149.40);
INSERT INTO `orders` VALUES (86, 4, 0, '买家01', '13951662735', '江苏南京市鼓楼区17-09-88', 0.00, '卖家', '1234566235', '20102000', '浙江杭州', 1, '200120020', '2020-01-06 11:37:59', 149.40);
INSERT INTO `orders` VALUES (87, 4, 0, '买家01', '13951662735', '江苏南京市鼓楼区17-09-88', 0.00, '卖家', '1234566235', '20102000', '浙江杭州', 1, '200120020', '2020-01-06 11:37:59', 149.40);
INSERT INTO `orders` VALUES (88, 4, 0, '买家01', '13951662735', '江苏南京市鼓楼区17-09-88', 0.00, '卖家', '1234566235', '20102000', '浙江杭州', 1, '200120020', '2020-01-06 11:37:59', 149.40);
INSERT INTO `orders` VALUES (89, 4, 0, '买家01', '13951662735', '江苏南京市鼓楼区17-09-88', 0.00, '卖家', '1234566235', '20102000', '浙江杭州', 1, '200120020', '2020-01-06 11:37:59', 149.40);
INSERT INTO `orders` VALUES (90, 4, 0, '买家01', '13951662735', '江苏南京市鼓楼区17-09-88', 0.00, '卖家', '1234566235', '20102000', '浙江杭州', 1, '200120020', '2020-01-06 11:38:00', 149.40);
INSERT INTO `orders` VALUES (91, 4, 0, '买家01', '13951662735', '江苏南京市鼓楼区17-09-88', 0.00, '卖家', '1234566235', '20102000', '浙江杭州', 1, '200120020', '2020-01-06 11:38:00', 149.40);
INSERT INTO `orders` VALUES (92, 4, 0, '买家01', '13951662735', '江苏南京市鼓楼区17-09-88', 0.00, '卖家', '1234566235', '20102000', '浙江杭州', 1, '200120020', '2020-01-06 11:38:51', 49.80);
INSERT INTO `orders` VALUES (93, 4, 0, '买家01', '13951662735', '江苏南京市鼓楼区17-09-88', 0.00, '卖家', '1234566235', '20102000', '浙江杭州', 1, '200120020', '2020-01-06 11:39:40', 49.80);
INSERT INTO `orders` VALUES (94, 4, 0, '买家01', '13951662735', '江苏南京市鼓楼区17-09-88', 0.00, '卖家', '1234566235', '20102000', '浙江杭州', 1, '200120020', '2020-01-06 11:39:41', 49.80);
INSERT INTO `orders` VALUES (95, 4, 0, '买家01', '13951662735', '江苏南京市鼓楼区17-09-88', 0.00, '卖家', '1234566235', '20102000', '浙江杭州', 1, '200120020', '2020-01-06 11:39:44', 49.80);
INSERT INTO `orders` VALUES (96, 4, 0, '买家01', '13951662735', '江苏南京市鼓楼区17-09-88', 0.00, '卖家', '1234566235', '20102000', '浙江杭州', 1, '200120020', '2020-01-06 11:40:07', 49.80);
INSERT INTO `orders` VALUES (97, 4, 0, '买家01', '13951662735', '江苏南京市鼓楼区17-09-88', 0.00, '卖家', '1234566235', '20102000', '浙江杭州', 1, '200120020', '2020-01-06 11:40:08', 49.80);
INSERT INTO `orders` VALUES (98, 4, 0, '买家01', '13951662735', '江苏南京市鼓楼区17-09-88', 0.00, '卖家', '1234566235', '20102000', '浙江杭州', 1, '200120020', '2020-01-06 11:40:08', 49.80);
INSERT INTO `orders` VALUES (99, 4, 0, '买家01', '13951662735', '江苏南京市鼓楼区17-09-88', 0.00, '卖家', '1234566235', '20102000', '浙江杭州', 1, '200120020', '2020-01-06 11:40:26', 49.80);
INSERT INTO `orders` VALUES (100, 4, 0, '买家01', '13951662735', '江苏南京市鼓楼区17-09-88', 0.00, '卖家', '1234566235', '20102000', '浙江杭州', 1, '200120020', '2020-01-06 11:40:27', 49.80);
INSERT INTO `orders` VALUES (101, 4, 0, '买家01', '13951662735', '江苏南京市鼓楼区17-09-88', 0.00, '卖家', '1234566235', '20102000', '浙江杭州', 1, '200120020', '2020-01-06 11:42:21', 49.80);
INSERT INTO `orders` VALUES (102, 4, 0, '买家01', '13951662735', '江苏南京市鼓楼区17-09-88', 0.00, '卖家', '1234566235', '20102000', '浙江杭州', 1, '200120020', '2020-01-06 11:42:21', 49.80);
INSERT INTO `orders` VALUES (103, 4, 0, '买家01', '13951662735', '江苏南京市鼓楼区17-09-88', 0.00, '卖家', '1234566235', '20102000', '浙江杭州', 1, '200120020', '2020-01-06 11:42:21', 49.80);
INSERT INTO `orders` VALUES (104, 4, 0, '买家01', '13951662735', '江苏南京市鼓楼区17-09-88', 0.00, '卖家', '1234566235', '20102000', '浙江杭州', 1, '200120020', '2020-01-06 11:42:22', 49.80);
INSERT INTO `orders` VALUES (105, 4, 0, '买家01', '13951662735', '江苏南京市鼓楼区17-09-88', 0.00, '卖家', '1234566235', '20102000', '浙江杭州', 1, '200120020', '2020-01-06 11:42:22', 49.80);
INSERT INTO `orders` VALUES (106, 4, 0, '买家01', '13951662735', '江苏南京市鼓楼区17-09-88', 0.00, '卖家', '1234566235', '20102000', '浙江杭州', 1, '200120020', '2020-01-06 11:42:22', 49.80);
INSERT INTO `orders` VALUES (107, 4, 0, '买家01', '13951662735', '江苏南京市鼓楼区17-09-88', 0.00, '卖家', '1234566235', '20102000', '浙江杭州', 1, '200120020', '2020-01-06 11:42:22', 49.80);
INSERT INTO `orders` VALUES (108, 4, 0, '买家01', '13951662735', '江苏南京市鼓楼区17-09-88', 0.00, '卖家', '1234566235', '20102000', '浙江杭州', 1, '200120020', '2020-01-06 11:42:22', 49.80);
INSERT INTO `orders` VALUES (109, 4, 0, '买家01', '13951662735', '江苏南京市鼓楼区17-09-88', 0.00, '卖家', '1234566235', '20102000', '浙江杭州', 1, '200120020', '2020-01-06 11:42:22', 49.80);
INSERT INTO `orders` VALUES (110, 4, 0, '买家01', '13951662735', '江苏南京市鼓楼区17-09-88', 0.00, '卖家', '1234566235', '20102000', '浙江杭州', 1, '200120020', '2020-01-06 11:45:24', 49.80);
INSERT INTO `orders` VALUES (111, 4, 0, '买家01', '13951662735', '江苏南京市鼓楼区17-09-88', 0.00, '卖家', '1234566235', '20102000', '浙江杭州', 1, '200120020', '2020-01-06 11:45:25', 49.80);
INSERT INTO `orders` VALUES (112, 4, 0, '买家01', '13951662735', '江苏南京市鼓楼区17-09-88', 0.00, '卖家', '1234566235', '20102000', '浙江杭州', 1, '200120020', '2020-01-06 11:45:26', 49.80);
INSERT INTO `orders` VALUES (113, 4, 0, '买家01', '13951662735', '江苏南京市鼓楼区17-09-88', 0.00, '卖家', '1234566235', '20102000', '浙江杭州', 1, '200120020', '2020-01-06 11:45:26', 49.80);
INSERT INTO `orders` VALUES (114, 4, 0, '买家01', '13951662735', '江苏南京市鼓楼区17-09-88', 0.00, '卖家', '1234566235', '20102000', '浙江杭州', 1, '200120020', '2020-01-06 11:45:42', 49.80);
INSERT INTO `orders` VALUES (115, 4, 0, '买家01', '13951662735', '江苏南京市鼓楼区17-09-88', 0.00, '卖家', '1234566235', '20102000', '浙江杭州', 1, '200120020', '2020-01-06 11:45:42', 49.80);
INSERT INTO `orders` VALUES (116, 4, 0, '买家01', '13951662735', '江苏南京市鼓楼区17-09-88', 0.00, '卖家', '1234566235', '20102000', '浙江杭州', 1, '200120020', '2020-01-06 11:45:43', 49.80);
INSERT INTO `orders` VALUES (117, 4, 0, '买家01', '13951662735', '江苏南京市鼓楼区17-09-88', 0.00, '卖家', '1234566235', '20102000', '浙江杭州', 1, '200120020', '2020-01-06 11:45:43', 49.80);
INSERT INTO `orders` VALUES (118, 4, 0, '买家01', '13951662735', '江苏南京市鼓楼区17-09-88', 0.00, '卖家', '1234566235', '20102000', '浙江杭州', 1, '200120020', '2020-01-06 11:45:43', 49.80);
INSERT INTO `orders` VALUES (119, 4, 0, '买家01', '13951662735', '江苏南京市鼓楼区17-09-88', 0.00, '卖家', '1234566235', '20102000', '浙江杭州', 1, '200120020', '2020-01-06 11:45:43', 49.80);
INSERT INTO `orders` VALUES (120, 4, 0, '买家01', '13951662735', '江苏南京市鼓楼区17-09-88', 0.00, '卖家', '1234566235', '20102000', '浙江杭州', 1, '200120020', '2020-01-06 11:46:32', 49.80);
INSERT INTO `orders` VALUES (121, 4, 0, '买家01', '13951662735', '江苏南京市鼓楼区17-09-88', 0.00, '卖家', '1234566235', '20102000', '浙江杭州', 1, '200120020', '2020-01-06 11:46:32', 49.80);
INSERT INTO `orders` VALUES (122, 4, 0, '买家01', '13951662735', '江苏南京市鼓楼区17-09-88', 0.00, '卖家', '1234566235', '20102000', '浙江杭州', 1, '200120020', '2020-01-06 11:46:32', 49.80);
INSERT INTO `orders` VALUES (123, 4, 0, '买家01', '13951662735', '江苏南京市鼓楼区17-09-88', 0.00, '卖家', '1234566235', '20102000', '浙江杭州', 1, '200120020', '2020-01-06 11:46:33', 49.80);
INSERT INTO `orders` VALUES (124, 4, 0, '买家01', '13951662735', '江苏南京市鼓楼区17-09-88', 0.00, '卖家', '1234566235', '20102000', '浙江杭州', 1, '200120020', '2020-01-06 11:46:33', 49.80);
INSERT INTO `orders` VALUES (125, 4, 0, '买家01', '13951662735', '江苏南京市鼓楼区17-09-88', 0.00, '卖家', '1234566235', '20102000', '浙江杭州', 1, '200120020', '2020-01-06 11:46:33', 49.80);
INSERT INTO `orders` VALUES (126, 4, 0, '买家01', '13951662735', '江苏南京市鼓楼区17-09-88', 0.00, '卖家', '1234566235', '20102000', '浙江杭州', 1, '200120020', '2020-01-06 11:46:33', 49.80);
INSERT INTO `orders` VALUES (127, 51, 0, '买家01', '13951662735', '江苏南京市鼓楼区17-09-88', 0.00, '卖家', '1234566235', '20102000', '浙江杭州', 1, '200120020', '2020-01-06 11:49:30', 49.80);
INSERT INTO `orders` VALUES (128, 51, 0, '买家01', '13951662735', '江苏南京市鼓楼区17-09-88', 0.00, '卖家', '1234566235', '20102000', '浙江杭州', 1, '200120020', '2020-01-06 11:49:31', 49.80);
INSERT INTO `orders` VALUES (129, 51, 0, '买家01', '13951662735', '江苏南京市鼓楼区17-09-88', 0.00, '卖家', '1234566235', '20102000', '浙江杭州', 1, '200120020', '2020-01-06 11:49:39', 49.80);
INSERT INTO `orders` VALUES (130, 51, 0, '买家01', '13951662735', '江苏南京市鼓楼区17-09-88', 0.00, '卖家', '1234566235', '20102000', '浙江杭州', 1, '200120020', '2020-01-06 11:49:40', 49.80);
INSERT INTO `orders` VALUES (131, 51, 0, '买家01', '13951662735', '江苏南京市鼓楼区17-09-88', 0.00, '卖家', '1234566235', '20102000', '浙江杭州', 1, '200120020', '2020-01-06 11:49:49', 79.70);
INSERT INTO `orders` VALUES (132, 51, 0, '买家01', '13951662735', '江苏南京市鼓楼区17-09-88', 0.00, '卖家', '1234566235', '20102000', '浙江杭州', 1, '200120020', '2020-01-06 11:49:50', 79.70);
INSERT INTO `orders` VALUES (133, 51, 0, '买家01', '13951662735', '江苏南京市鼓楼区17-09-88', 0.00, '卖家', '1234566235', '20102000', '浙江杭州', 1, '200120020', '2020-01-06 11:54:58', 79.70);
INSERT INTO `orders` VALUES (134, 51, 0, '买家01', '13951662735', '江苏南京市鼓楼区17-09-88', 0.00, '卖家', '1234566235', '20102000', '浙江杭州', 1, '200120020', '2020-01-06 11:54:58', 79.70);
INSERT INTO `orders` VALUES (135, 51, 0, '买家01', '13951662735', '江苏南京市鼓楼区17-09-88', 0.00, '卖家', '1234566235', '20102000', '浙江杭州', 1, '200120020', '2020-01-06 11:54:58', 79.70);
INSERT INTO `orders` VALUES (136, 51, 0, '买家01', '13951662735', '江苏南京市鼓楼区17-09-88', 0.00, '卖家', '1234566235', '20102000', '浙江杭州', 1, '200120020', '2020-01-06 11:54:58', 79.70);
INSERT INTO `orders` VALUES (137, 51, 0, '买家01', '13951662735', '江苏南京市鼓楼区17-09-88', 0.00, '卖家', '1234566235', '20102000', '浙江杭州', 1, '200120020', '2020-01-06 11:54:58', 79.70);
INSERT INTO `orders` VALUES (138, 51, 0, '买家01', '13951662735', '江苏南京市鼓楼区17-09-88', 0.00, '卖家', '1234566235', '20102000', '浙江杭州', 1, '200120020', '2020-01-06 11:54:59', 79.70);
INSERT INTO `orders` VALUES (139, 4, 0, '买家01', '13951662735', '江苏南京市鼓楼区17-09-88', 0.00, '卖家', '1234566235', '20102000', '浙江杭州', 1, '200120020', '2020-01-06 12:42:15', 89.70);
INSERT INTO `orders` VALUES (140, 4, 0, '买家01', '13951662735', '江苏南京市鼓楼区17-09-88', 0.00, '卖家', '1234566235', '20102000', '浙江杭州', 1, '200120020', '2020-01-06 12:42:15', 89.70);
INSERT INTO `orders` VALUES (141, 4, 0, '买家01', '13951662735', '江苏南京市鼓楼区17-09-88', 0.00, '卖家', '1234566235', '20102000', '浙江杭州', 1, '200120020', '2020-01-06 12:42:21', 89.70);
INSERT INTO `orders` VALUES (142, 4, 0, '买家01', '13951662735', '江苏南京市鼓楼区17-09-88', 0.00, '卖家', '1234566235', '20102000', '浙江杭州', 1, '200120020', '2020-01-06 12:42:21', 89.70);
INSERT INTO `orders` VALUES (143, 8, 0, '买家01', '13951662735', '江苏南京市鼓楼区17-09-88', 0.00, '卖家', '1234566235', '20102000', '浙江杭州', 1, '200120020', '2020-01-06 13:48:15', 79.60);
INSERT INTO `orders` VALUES (144, 8, 0, '买家01', '13951662735', '江苏南京市鼓楼区17-09-88', 0.00, '卖家', '1234566235', '20102000', '浙江杭州', 1, '200120020', '2020-01-06 13:48:15', 79.60);
INSERT INTO `orders` VALUES (145, 10, 0, '买家01', '13951662735', '江苏南京市鼓楼区17-09-88', 0.00, '卖家', '1234566235', '20102000', '浙江杭州', 1, '200120020', '2020-01-06 13:51:57', 119.40);
INSERT INTO `orders` VALUES (146, 10, 0, '买家01', '13951662735', '江苏南京市鼓楼区17-09-88', 0.00, '卖家', '1234566235', '20102000', '浙江杭州', 1, '200120020', '2020-01-06 13:51:57', 119.40);
INSERT INTO `orders` VALUES (147, 10, 0, '买家01', '13951662735', '江苏南京市鼓楼区17-09-88', 0.00, '卖家', '1234566235', '20102000', '浙江杭州', 1, '200120020', '2020-01-06 13:54:27', 119.40);
INSERT INTO `orders` VALUES (148, 10, 0, '买家01', '13951662735', '江苏南京市鼓楼区17-09-88', 0.00, '卖家', '1234566235', '20102000', '浙江杭州', 1, '200120020', '2020-01-06 13:54:28', 119.40);
INSERT INTO `orders` VALUES (149, 10, 0, '买家01', '13951662735', '江苏南京市鼓楼区17-09-88', 0.00, '卖家', '1234566235', '20102000', '浙江杭州', 1, '200120020', '2020-01-06 13:59:09', 119.40);
INSERT INTO `orders` VALUES (150, 10, 0, '买家01', '13951662735', '江苏南京市鼓楼区17-09-88', 0.00, '卖家', '1234566235', '20102000', '浙江杭州', 1, '200120020', '2020-01-06 13:59:09', 119.40);
INSERT INTO `orders` VALUES (151, 10, 0, '买家01', '13951662735', '江苏南京市鼓楼区17-09-88', 0.00, '卖家', '1234566235', '20102000', '浙江杭州', 1, '200120020', '2020-01-06 13:59:10', 119.40);
INSERT INTO `orders` VALUES (152, 10, 0, '买家01', '13951662735', '江苏南京市鼓楼区17-09-88', 0.00, '卖家', '1234566235', '20102000', '浙江杭州', 1, '200120020', '2020-01-06 13:59:10', 119.40);
INSERT INTO `orders` VALUES (153, 10, 0, '买家01', '13951662735', '江苏南京市鼓楼区17-09-88', 0.00, '卖家', '1234566235', '20102000', '浙江杭州', 1, '200120020', '2020-01-06 13:59:27', 119.40);
INSERT INTO `orders` VALUES (154, 10, 0, '买家01', '13951662735', '江苏南京市鼓楼区17-09-88', 0.00, '卖家', '1234566235', '20102000', '浙江杭州', 1, '200120020', '2020-01-06 13:59:27', 119.40);
INSERT INTO `orders` VALUES (155, 10, 0, '买家01', '13951662735', '江苏南京市鼓楼区17-09-88', 0.00, '卖家', '1234566235', '20102000', '浙江杭州', 1, '200120020', '2020-01-06 13:59:27', 119.40);
INSERT INTO `orders` VALUES (156, 10, 0, '买家01', '13951662735', '江苏南京市鼓楼区17-09-88', 0.00, '卖家', '1234566235', '20102000', '浙江杭州', 1, '200120020', '2020-01-06 13:59:27', 119.40);
INSERT INTO `orders` VALUES (157, 10, 0, '买家01', '13951662735', '江苏南京市鼓楼区17-09-88', 0.00, '卖家', '1234566235', '20102000', '浙江杭州', 1, '200120020', '2020-01-06 13:59:27', 119.40);
INSERT INTO `orders` VALUES (158, 10, 0, '买家01', '13951662735', '江苏南京市鼓楼区17-09-88', 0.00, '卖家', '1234566235', '20102000', '浙江杭州', 1, '200120020', '2020-01-06 13:59:27', 119.40);
INSERT INTO `orders` VALUES (159, 10, 0, '买家01', '13951662735', '江苏南京市鼓楼区17-09-88', 0.00, '卖家', '1234566235', '20102000', '浙江杭州', 1, '200120020', '2020-01-06 13:59:27', 119.40);
INSERT INTO `orders` VALUES (160, 10, 0, '买家01', '13951662735', '江苏南京市鼓楼区17-09-88', 0.00, '卖家', '1234566235', '20102000', '浙江杭州', 1, '200120020', '2020-01-06 13:59:28', 119.40);
INSERT INTO `orders` VALUES (161, 10, 0, '买家01', '13951662735', '江苏南京市鼓楼区17-09-88', 0.00, '卖家', '1234566235', '20102000', '浙江杭州', 1, '200120020', '2020-01-06 13:59:28', 119.40);
INSERT INTO `orders` VALUES (162, 10, 0, '买家01', '13951662735', '江苏南京市鼓楼区17-09-88', 0.00, '卖家', '1234566235', '20102000', '浙江杭州', 1, '200120020', '2020-01-06 13:59:28', 119.40);
INSERT INTO `orders` VALUES (163, 10, 0, '买家01', '13951662735', '江苏南京市鼓楼区17-09-88', 0.00, '卖家', '1234566235', '20102000', '浙江杭州', 1, '200120020', '2020-01-06 13:59:28', 119.40);
INSERT INTO `orders` VALUES (164, 10, 0, '买家01', '13951662735', '江苏南京市鼓楼区17-09-88', 0.00, '卖家', '1234566235', '20102000', '浙江杭州', 1, '200120020', '2020-01-06 13:59:28', 119.40);
INSERT INTO `orders` VALUES (165, 10, 0, '买家01', '13951662735', '江苏南京市鼓楼区17-09-88', 0.00, '卖家', '1234566235', '20102000', '浙江杭州', 1, '200120020', '2020-01-06 13:59:28', 119.40);
INSERT INTO `orders` VALUES (166, 10, 0, '买家01', '13951662735', '江苏南京市鼓楼区17-09-88', 0.00, '卖家', '1234566235', '20102000', '浙江杭州', 1, '200120020', '2020-01-06 13:59:28', 119.40);
INSERT INTO `orders` VALUES (167, 6, 0, '买家01', '13951662735', '江苏南京市鼓楼区17-09-88', 0.00, '卖家', '1234566235', '20102000', '浙江杭州', 1, '200120020', '2020-01-06 14:28:50', 209.20);
INSERT INTO `orders` VALUES (168, 6, 0, '买家01', '13951662735', '江苏南京市鼓楼区17-09-88', 0.00, '卖家', '1234566235', '20102000', '浙江杭州', 1, '200120020', '2020-01-06 14:28:51', 209.20);
INSERT INTO `orders` VALUES (169, 6, 0, '买家01', '13951662735', '江苏南京市鼓楼区17-09-88', 0.00, '卖家', '1234566235', '20102000', '浙江杭州', 1, '200120020', '2020-01-06 14:30:05', 209.20);
INSERT INTO `orders` VALUES (170, 6, 0, '买家01', '13951662735', '江苏南京市鼓楼区17-09-88', 0.00, '卖家', '1234566235', '20102000', '浙江杭州', 1, '200120020', '2020-01-06 14:30:05', 209.20);
INSERT INTO `orders` VALUES (171, 6, 0, '买家01', '13951662735', '江苏南京市鼓楼区17-09-88', 0.00, '卖家', '1234566235', '20102000', '浙江杭州', 1, '200120020', '2020-01-06 14:30:07', 209.20);
INSERT INTO `orders` VALUES (172, 6, 0, '买家01', '13951662735', '江苏南京市鼓楼区17-09-88', 0.00, '卖家', '1234566235', '20102000', '浙江杭州', 1, '200120020', '2020-01-06 14:30:07', 209.20);
INSERT INTO `orders` VALUES (173, 6, 0, '买家01', '13951662735', '江苏南京市鼓楼区17-09-88', 0.00, '卖家', '1234566235', '20102000', '浙江杭州', 1, '200120020', '2020-01-06 14:30:08', 209.20);
INSERT INTO `orders` VALUES (174, 6, 0, '买家01', '13951662735', '江苏南京市鼓楼区17-09-88', 0.00, '卖家', '1234566235', '20102000', '浙江杭州', 1, '200120020', '2020-01-06 14:30:08', 209.20);
INSERT INTO `orders` VALUES (175, 36, 0, '买家01', '13951662735', '江苏南京市鼓楼区17-09-88', 0.00, '卖家', '1234566235', '20102000', '浙江杭州', 1, '200120020', '2020-01-06 15:50:35', 747.50);
INSERT INTO `orders` VALUES (176, 36, 0, '买家01', '13951662735', '江苏南京市鼓楼区17-09-88', 0.00, '卖家', '1234566235', '20102000', '浙江杭州', 1, '200120020', '2020-01-06 15:50:35', 747.50);
INSERT INTO `orders` VALUES (177, 4, 0, '买家01', '13951662735', '江苏南京市鼓楼区17-09-88', 0.00, '卖家', '1234566235', '20102000', '浙江杭州', 1, '200120020', '2020-01-06 16:02:58', 113557.20);
INSERT INTO `orders` VALUES (178, 4, 0, '买家01', '13951662735', '江苏南京市鼓楼区17-09-88', 0.00, '卖家', '1234566235', '20102000', '浙江杭州', 1, '200120020', '2020-01-06 16:02:58', 113557.20);
INSERT INTO `orders` VALUES (179, 4, 1, '买家01', '13951662735', '江苏南京市鼓楼区17-09-88', 0.00, '卖家', '1234566235', '20102000', '浙江杭州', 1, '200120020', '2020-01-06 16:13:46', 288.90);
INSERT INTO `orders` VALUES (180, 4, 0, '买家01', '13951662735', '江苏南京市鼓楼区17-09-88', 0.00, '卖家', '1234566235', '20102000', '浙江杭州', 1, '200120020', '2020-01-06 16:13:01', 288.90);
INSERT INTO `orders` VALUES (181, 4, 1, '买家01', '13951662735', '江苏南京市鼓楼区17-09-88', 0.00, '卖家', '1234566235', '20102000', '浙江杭州', 1, '200120020', '2020-01-06 16:15:34', 209.30);
INSERT INTO `orders` VALUES (182, 4, 0, '买家01', '13951662735', '江苏南京市鼓楼区17-09-88', 0.00, '卖家', '1234566235', '20102000', '浙江杭州', 1, '200120020', '2020-01-06 16:15:07', 209.30);
INSERT INTO `orders` VALUES (183, 4, 0, '买家01', '13951662735', '江苏南京市鼓楼区17-09-88', 0.00, '卖家', '1234566235', '20102000', '浙江杭州', 1, '200120020', '2020-01-06 16:17:37', 269.00);
INSERT INTO `orders` VALUES (184, 4, 0, '买家01', '13951662735', '江苏南京市鼓楼区17-09-88', 0.00, '卖家', '1234566235', '20102000', '浙江杭州', 1, '200120020', '2020-01-06 16:19:38', 269.00);
INSERT INTO `orders` VALUES (185, 4, 2, '买家01', '13951662735', '江苏南京市鼓楼区17-09-88', 0.00, '卖家', '1234566235', '20102000', '浙江杭州', 1, '200120020', '2020-01-06 16:26:18', 169.30);
INSERT INTO `orders` VALUES (186, 4, 0, '买家01', '13951662735', '江苏南京市鼓楼区17-09-88', 0.00, '卖家', '1234566235', '20102000', '浙江杭州', 1, '200120020', '2020-01-06 16:20:59', 169.30);
INSERT INTO `orders` VALUES (187, 4, 1, '买家01', '13951662735', '江苏南京市鼓楼区17-09-88', 0.00, '卖家', '1234566235', '20102000', '浙江杭州', 1, '200120020', '2020-01-06 16:32:52', 129.50);
INSERT INTO `orders` VALUES (188, 4, 0, '买家01', '13951662735', '江苏南京市鼓楼区17-09-88', 0.00, '卖家', '1234566235', '20102000', '浙江杭州', 1, '200120020', '2020-01-06 16:32:30', 129.50);
INSERT INTO `orders` VALUES (189, 4, 0, '买家01', '13951662735', '江苏南京市鼓楼区17-09-88', 0.00, '卖家', '1234566235', '20102000', '浙江杭州', 1, '200120020', '2020-01-06 16:34:21', 69.70);
INSERT INTO `orders` VALUES (190, 4, 0, '买家01', '13951662735', '江苏南京市鼓楼区17-09-88', 0.00, '卖家', '1234566235', '20102000', '浙江杭州', 1, '200120020', '2020-01-06 16:34:34', 69.70);
INSERT INTO `orders` VALUES (191, 4, 0, '买家01', '13951662735', '江苏南京市鼓楼区17-09-88', 0.00, '卖家', '1234566235', '20102000', '浙江杭州', 1, '200120020', '2020-01-06 16:36:47', 99.50);
INSERT INTO `orders` VALUES (192, 4, 0, '买家01', '13951662735', '江苏南京市鼓楼区17-09-88', 0.00, '卖家', '1234566235', '20102000', '浙江杭州', 1, '200120020', '2020-01-06 16:37:00', 99.50);
INSERT INTO `orders` VALUES (193, 1, 0, '买家01', '13951662735', '江苏南京市鼓楼区17-09-88', 0.00, '卖家', '1234566235', '20102000', '浙江杭州', 1, '200120020', '2020-01-06 16:39:39', 2334641.30);
INSERT INTO `orders` VALUES (194, 1, 0, '买家01', '13951662735', '江苏南京市鼓楼区17-09-88', 0.00, '卖家', '1234566235', '20102000', '浙江杭州', 1, '200120020', '2020-01-06 16:39:39', 2334641.30);
INSERT INTO `orders` VALUES (195, 1, 0, '买家01', '13951662735', '江苏南京市鼓楼区17-09-88', 0.00, '卖家', '1234566235', '20102000', '浙江杭州', 1, '200120020', '2020-01-06 16:40:32', 2334641.30);
INSERT INTO `orders` VALUES (196, 1, 0, '买家01', '13951662735', '江苏南京市鼓楼区17-09-88', 0.00, '卖家', '1234566235', '20102000', '浙江杭州', 1, '200120020', '2020-01-06 16:40:32', 2334641.30);
INSERT INTO `orders` VALUES (197, 4, 1, '买家01', '13951662735', '江苏南京市鼓楼区17-09-88', 0.00, '卖家', '1234566235', '20102000', '浙江杭州', 1, '200120020', '2020-01-06 16:41:44', 288.90);
INSERT INTO `orders` VALUES (198, 4, 1, '买家01', '13951662735', '江苏南京市鼓楼区17-09-88', 0.00, '卖家', '1234566235', '20102000', '浙江杭州', 1, '200120020', '2020-01-06 16:45:08', 268.90);
INSERT INTO `orders` VALUES (199, 4, 0, '买家01', '13951662735', '江苏南京市鼓楼区17-09-88', 0.00, '卖家', '1234566235', '20102000', '浙江杭州', 1, '200120020', '2020-01-06 16:45:50', 29.90);
INSERT INTO `orders` VALUES (200, 9, 0, '买家01', '13951662735', '江苏南京市鼓楼区17-09-88', 0.00, '卖家', '1234566235', '20102000', '浙江杭州', 1, '200120020', '2020-01-06 16:46:57', 179.10);
INSERT INTO `orders` VALUES (201, 9, 2, '买家01', '13951662735', '江苏南京市鼓楼区17-09-88', 0.00, '卖家', '1234566235', '20102000', '浙江杭州', 1, '200120020', '2020-01-06 17:18:14', 179.10);
INSERT INTO `orders` VALUES (202, 9, 0, '买家01', '13951662735', '江苏南京市鼓楼区17-09-88', 0.00, '卖家', '1234566235', '20102000', '浙江杭州', 1, '200120020', '2020-01-06 16:49:22', 189.20);
INSERT INTO `orders` VALUES (203, 9, 2, '买家01', '13951662735', '江苏南京市鼓楼区17-09-88', 0.00, '卖家', '1234566235', '20102000', '浙江杭州', 1, '200120020', '2020-01-06 16:56:21', 189.20);
INSERT INTO `orders` VALUES (204, 4, 0, '买家01', '13951662735', '江苏南京市鼓楼区17-09-88', 0.00, '卖家', '1234566235', '20102000', '浙江杭州', 1, '200120020', '2020-01-06 16:52:05', 428.30);
INSERT INTO `orders` VALUES (205, 4, 0, '买家01', '13951662735', '江苏南京市鼓楼区17-09-88', 0.00, '卖家', '1234566235', '20102000', '浙江杭州', 1, '200120020', '2020-01-06 16:52:08', 428.30);
INSERT INTO `orders` VALUES (206, 9, 2, '买家01', '13951662735', '江苏南京市鼓楼区17-09-88', 0.00, '卖家', '1234566235', '20102000', '浙江杭州', 1, '200120020', '2020-01-06 17:08:15', 179.30);
INSERT INTO `orders` VALUES (207, 1, 0, '买家01', '13951662735', '江苏南京市鼓楼区17-09-88', 0.00, '卖家', '1234566235', '20102000', '浙江杭州', 1, '200120020', '2020-01-06 17:54:49', 89.70);
INSERT INTO `orders` VALUES (208, 1, 2, '买家01', '13951662735', '江苏南京市鼓楼区17-09-88', 0.00, '卖家', '1234566235', '20102000', '浙江杭州', 1, '200120020', '2020-01-06 18:40:49', 89.70);
INSERT INTO `orders` VALUES (209, 1, 0, '买家01', '13951662735', '江苏南京市鼓楼区17-09-88', 0.00, '卖家', '1234566235', '20102000', '浙江杭州', 1, '200120020', '2020-01-06 18:13:57', 39.80);
INSERT INTO `orders` VALUES (210, 1, 0, '买家01', '13951662735', '江苏南京市鼓楼区17-09-88', 0.00, '卖家', '1234566235', '20102000', '浙江杭州', 1, '200120020', '2020-01-06 18:13:58', 39.80);
INSERT INTO `orders` VALUES (211, 9, 2, '买家01', '13951662735', '江苏南京市鼓楼区17-09-88', 0.00, '卖家', '1234566235', '20102000', '浙江杭州', 1, '200120020', '2020-01-07 09:32:46', 199.10);
INSERT INTO `orders` VALUES (212, 1, 2, '买家01', '13951662735', '江苏南京市鼓楼区17-09-88', 0.00, '卖家', '1234566235', '20102000', '浙江杭州', 1, '200120020', '2020-01-06 18:40:56', 59.70);
INSERT INTO `orders` VALUES (213, 1, 1, '买家01', '13951662735', '江苏南京市鼓楼区17-09-88', 0.00, '卖家', '1234566235', '20102000', '浙江杭州', 1, '200120020', '2020-01-07 08:49:27', 99.50);
INSERT INTO `orders` VALUES (214, 57, 1, '买家01', '13951662735', '江苏南京市鼓楼区17-09-88', 0.00, '卖家', '1234566235', '20102000', '浙江杭州', 1, '200120020', '2020-01-07 09:32:11', 59.80);
INSERT INTO `orders` VALUES (215, 9, 1, '买家01', '13951662735', '江苏南京市鼓楼区17-09-88', 0.00, '卖家', '1234566235', '20102000', '浙江杭州', 1, '200120020', '2020-01-07 11:46:51', 199.00);

-- ----------------------------
-- Table structure for paymethod
-- ----------------------------
DROP TABLE IF EXISTS `paymethod`;
CREATE TABLE `paymethod`  (
  `payMethodCode` int(11) NOT NULL AUTO_INCREMENT COMMENT '支付方式编码',
  `payMethodName` varchar(50) CHARACTER SET utf8 COLLATE utf8_general_ci DEFAULT '' COMMENT '支付方式名称',
  `updateTime` timestamp NOT NULL DEFAULT CURRENT_TIMESTAMP ON UPDATE CURRENT_TIMESTAMP COMMENT '更新时间',
  PRIMARY KEY USING BTREE (`payMethodCode`)
) ENGINE = InnoDB AUTO_INCREMENT = 5 CHARACTER SET = utf8 COLLATE = utf8_general_ci COMMENT = '支付方式表' ROW_FORMAT = Compact;

-- ----------------------------
-- Records of paymethod
-- ----------------------------
INSERT INTO `paymethod` VALUES (1, '现金', '2019-12-27 11:31:48');
INSERT INTO `paymethod` VALUES (2, '微信', '2019-12-27 11:31:48');
INSERT INTO `paymethod` VALUES (3, '支付宝', '2019-12-27 11:31:48');
INSERT INTO `paymethod` VALUES (4, '银联', '2019-12-27 11:31:48');

-- ----------------------------
-- Table structure for pic
-- ----------------------------
DROP TABLE IF EXISTS `pic`;
CREATE TABLE `pic`  (
  `picId` int(11) NOT NULL AUTO_INCREMENT COMMENT '图片id',
  `picPath` varchar(255) CHARACTER SET utf8 COLLATE utf8_general_ci DEFAULT '' COMMENT '图片地址',
  `goodsCode` int(11) DEFAULT 0 COMMENT '商品编码',
  `isShow` int(1) DEFAULT 0 COMMENT '是否显示',
  `updateTime` timestamp NOT NULL DEFAULT CURRENT_TIMESTAMP ON UPDATE CURRENT_TIMESTAMP COMMENT '更新时间',
  PRIMARY KEY USING BTREE (`picId`),
  INDEX `fk_goodsCode2` USING BTREE(`goodsCode`),
  CONSTRAINT `fk_goodsCode2` FOREIGN KEY (`goodsCode`) REFERENCES `goods` (`goodsCode`) ON DELETE RESTRICT ON UPDATE RESTRICT
) ENGINE = InnoDB AUTO_INCREMENT = 483 CHARACTER SET = utf8 COLLATE = utf8_general_ci COMMENT = '图片表' ROW_FORMAT = Compact;

-- ----------------------------
-- Records of pic
-- ----------------------------
INSERT INTO `pic` VALUES (1, '/images/(7).jpg', 1, 1, '2020-01-06 14:19:59');
INSERT INTO `pic` VALUES (3, '/images/(16).jpg', 2, 1, '2020-01-06 14:02:55');
INSERT INTO `pic` VALUES (4, '/images/(11).jpg', 3, 1, '2020-01-06 14:04:31');
INSERT INTO `pic` VALUES (5, '/images/(12).jpg', 4, 1, '2020-01-06 14:05:10');
INSERT INTO `pic` VALUES (6, '/images/(5).jpg', 5, 1, '2020-01-02 15:49:06');
INSERT INTO `pic` VALUES (7, '/images/(6).jpg', 6, 1, '2020-01-02 15:49:06');
INSERT INTO `pic` VALUES (10, '/images/(10).jpg', 10, 1, '2020-01-02 15:49:06');
INSERT INTO `pic` VALUES (11, '/images/(11).jpg', 11, 1, '2020-01-02 15:49:06');
INSERT INTO `pic` VALUES (12, '/images/(17).jpg', 12, 1, '2020-01-06 14:04:53');
INSERT INTO `pic` VALUES (13, '/images/(15).jpg', 14, 1, '2020-01-06 11:41:07');
INSERT INTO `pic` VALUES (14, '/images/(15).jpg', 15, 1, '2020-01-02 15:49:06');
INSERT INTO `pic` VALUES (15, '/images/(16).jpg', 16, 1, '2020-01-02 15:49:06');
INSERT INTO `pic` VALUES (16, '/images/(17).jpg', 17, 1, '2020-01-02 15:49:06');
INSERT INTO `pic` VALUES (17, '/images/(18).jpg', 18, 1, '2020-01-02 15:49:06');
INSERT INTO `pic` VALUES (18, '/images/(19).jpg', 19, 1, '2020-01-02 15:49:06');
INSERT INTO `pic` VALUES (19, '/images/(20).jpg', 20, 1, '2020-01-02 15:49:06');
INSERT INTO `pic` VALUES (20, '/images/(21).jpg', 21, 1, '2020-01-02 15:49:06');
INSERT INTO `pic` VALUES (21, '/images/(22).jpg', 22, 1, '2020-01-02 15:49:06');
INSERT INTO `pic` VALUES (22, '/images/(23).jpg', 23, 1, '2020-01-02 15:49:06');
INSERT INTO `pic` VALUES (23, '/images/(8).jpg', 24, 1, '2020-01-06 14:41:09');
INSERT INTO `pic` VALUES (24, '/images/(25).jpg', 25, 1, '2020-01-02 15:49:06');
INSERT INTO `pic` VALUES (25, '/images/(26).jpg', 26, 1, '2020-01-02 15:49:06');
INSERT INTO `pic` VALUES (26, '/images/(27).jpg', 27, 1, '2020-01-02 15:49:06');
INSERT INTO `pic` VALUES (27, '/images/(28).jpg', 28, 1, '2020-01-02 15:49:06');
INSERT INTO `pic` VALUES (28, '/images/(29).jpg', 29, 1, '2020-01-02 15:49:06');
INSERT INTO `pic` VALUES (29, '/images/(30).jpg', 30, 1, '2020-01-02 15:49:06');
INSERT INTO `pic` VALUES (30, '/images/(31).jpg', 31, 1, '2020-01-02 15:49:06');
INSERT INTO `pic` VALUES (31, '/images/(32).jpg', 32, 1, '2020-01-02 15:49:06');
INSERT INTO `pic` VALUES (32, '/images/(33).jpg', 33, 1, '2020-01-02 15:49:06');
INSERT INTO `pic` VALUES (33, '/images/(34).jpg', 34, 1, '2020-01-02 15:49:06');
INSERT INTO `pic` VALUES (34, '/images/(35).jpg', 35, 1, '2020-01-02 15:49:06');
INSERT INTO `pic` VALUES (35, '/images/(36).jpg', 36, 1, '2020-01-02 15:49:06');
INSERT INTO `pic` VALUES (36, '/images/(37).jpg', 37, 1, '2020-01-02 15:49:06');
INSERT INTO `pic` VALUES (37, '/images/(38).jpg', 38, 1, '2020-01-02 15:49:06');
INSERT INTO `pic` VALUES (38, '/images/(39).jpg', 39, 1, '2020-01-02 15:49:06');
INSERT INTO `pic` VALUES (39, '/images/(40).jpg', 40, 1, '2020-01-02 15:49:06');
INSERT INTO `pic` VALUES (40, '/images/(41).jpg', 41, 1, '2020-01-02 15:49:06');
INSERT INTO `pic` VALUES (41, '/images/(42).jpg', 42, 1, '2020-01-02 15:49:06');
INSERT INTO `pic` VALUES (42, '/images/(43).jpg', 43, 1, '2020-01-02 15:49:06');
INSERT INTO `pic` VALUES (44, '/images/(45).jpg', 45, 1, '2020-01-02 15:49:06');
INSERT INTO `pic` VALUES (45, '/images/(46).jpg', 46, 1, '2020-01-02 15:49:06');
INSERT INTO `pic` VALUES (46, '/images/(47).jpg', 47, 1, '2020-01-02 15:49:06');
INSERT INTO `pic` VALUES (47, '/images/(48).jpg', 48, 1, '2020-01-02 15:49:06');
INSERT INTO `pic` VALUES (48, '/images/(49).jpg', 49, 1, '2020-01-02 15:49:06');
INSERT INTO `pic` VALUES (49, '/images/(50).jpg', 50, 1, '2020-01-02 15:49:06');
INSERT INTO `pic` VALUES (50, '/images/(51).jpg', 51, 1, '2020-01-02 15:49:06');
INSERT INTO `pic` VALUES (51, '/images/(52).jpg', 52, 1, '2020-01-02 15:49:06');
INSERT INTO `pic` VALUES (52, '/images/(53).jpg', 53, 1, '2020-01-02 15:49:06');
INSERT INTO `pic` VALUES (53, '/images/(54).jpg', 54, 1, '2020-01-02 15:49:06');
INSERT INTO `pic` VALUES (54, '/images/(55).jpg', 55, 1, '2020-01-02 15:49:06');
INSERT INTO `pic` VALUES (55, '/images/(56).jpg', 56, 1, '2020-01-02 15:49:06');
INSERT INTO `pic` VALUES (56, '/images/(57).jpg', 57, 1, '2020-01-02 15:49:06');
INSERT INTO `pic` VALUES (57, '/images/(58).jpg', 58, 1, '2020-01-02 15:49:06');
INSERT INTO `pic` VALUES (58, '/images/(59).jpg', 59, 1, '2020-01-02 15:49:06');
INSERT INTO `pic` VALUES (59, '/images/(60).jpg', 60, 1, '2020-01-02 15:49:06');
INSERT INTO `pic` VALUES (60, '/images/(61).jpg', 61, 1, '2020-01-02 15:49:06');
INSERT INTO `pic` VALUES (61, '/images/(62).jpg', 62, 1, '2020-01-02 15:49:06');
INSERT INTO `pic` VALUES (62, '/images/(63).jpg', 63, 1, '2020-01-02 15:49:06');
INSERT INTO `pic` VALUES (63, '/images/(64).jpg', 64, 1, '2020-01-02 15:49:06');
INSERT INTO `pic` VALUES (64, '/images/(65).jpg', 65, 1, '2020-01-02 15:49:06');
INSERT INTO `pic` VALUES (65, '/images/(66).jpg', 66, 1, '2020-01-02 15:49:06');
INSERT INTO `pic` VALUES (66, '/images/(67).jpg', 67, 1, '2020-01-02 15:49:06');
INSERT INTO `pic` VALUES (67, '/images/(68).jpg', 68, 1, '2020-01-02 15:49:06');
INSERT INTO `pic` VALUES (68, '/images/(69).jpg', 69, 1, '2020-01-02 15:49:06');
INSERT INTO `pic` VALUES (69, '/images/(70).jpg', 70, 1, '2020-01-02 15:49:06');
INSERT INTO `pic` VALUES (70, '/images/(71).jpg', 71, 1, '2020-01-02 15:49:06');
INSERT INTO `pic` VALUES (71, '/images/(72).jpg', 72, 1, '2020-01-02 15:49:06');
INSERT INTO `pic` VALUES (72, '/images/(73).jpg', 73, 1, '2020-01-02 15:49:06');
INSERT INTO `pic` VALUES (73, '/images/(74).jpg', 74, 1, '2020-01-02 15:49:06');
INSERT INTO `pic` VALUES (74, '/images/(75).jpg', 75, 1, '2020-01-02 15:49:06');
INSERT INTO `pic` VALUES (75, '/images/(76).jpg', 76, 1, '2020-01-02 15:49:06');
INSERT INTO `pic` VALUES (76, '/images/(77).jpg', 77, 1, '2020-01-02 15:49:06');
INSERT INTO `pic` VALUES (77, '/images/(78).jpg', 78, 1, '2020-01-02 15:49:06');
INSERT INTO `pic` VALUES (78, '/images/(79).jpg', 79, 1, '2020-01-02 15:49:06');
INSERT INTO `pic` VALUES (79, '/images/(80).jpg', 80, 1, '2020-01-02 15:49:06');
INSERT INTO `pic` VALUES (80, '/images/(81).jpg', 81, 1, '2020-01-02 15:49:06');
INSERT INTO `pic` VALUES (81, '/images/(82).jpg', 82, 1, '2020-01-02 15:49:06');
INSERT INTO `pic` VALUES (82, '/images/(83).jpg', 83, 1, '2020-01-02 15:49:06');
INSERT INTO `pic` VALUES (83, '/images/(84).jpg', 84, 1, '2020-01-02 15:49:06');
INSERT INTO `pic` VALUES (84, '/images/(85).jpg', 85, 1, '2020-01-02 15:49:06');
INSERT INTO `pic` VALUES (85, '/images/(86).jpg', 86, 1, '2020-01-02 15:49:06');
INSERT INTO `pic` VALUES (86, '/images/(87).jpg', 87, 1, '2020-01-02 15:49:06');
INSERT INTO `pic` VALUES (87, '/images/(88).jpg', 88, 1, '2020-01-02 15:49:06');
INSERT INTO `pic` VALUES (88, '/images/(89).jpg', 89, 1, '2020-01-02 15:49:06');
INSERT INTO `pic` VALUES (89, '/images/(90).jpg', 90, 1, '2020-01-02 15:49:06');
INSERT INTO `pic` VALUES (90, '/images/(91).jpg', 91, 1, '2020-01-02 15:49:06');
INSERT INTO `pic` VALUES (91, '/images/(92).jpg', 92, 1, '2020-01-02 15:49:06');
INSERT INTO `pic` VALUES (92, '/images/(93).jpg', 93, 1, '2020-01-02 15:49:06');
INSERT INTO `pic` VALUES (93, '/images/(94).jpg', 94, 1, '2020-01-02 15:49:06');
INSERT INTO `pic` VALUES (94, '/images/(95).jpg', 95, 1, '2020-01-02 15:49:06');
INSERT INTO `pic` VALUES (95, '/images/(96).jpg', 96, 1, '2020-01-02 15:49:06');
INSERT INTO `pic` VALUES (96, '/images/(97).jpg', 97, 1, '2020-01-02 15:49:06');
INSERT INTO `pic` VALUES (97, '/images/(98).jpg', 98, 1, '2020-01-02 15:49:06');
INSERT INTO `pic` VALUES (98, '/images/(99).jpg', 99, 1, '2020-01-02 15:49:06');
INSERT INTO `pic` VALUES (99, '/images/(100).jpg', 100, 1, '2020-01-02 15:49:06');
INSERT INTO `pic` VALUES (100, '/images/(101).jpg', 101, 1, '2020-01-02 15:49:06');
INSERT INTO `pic` VALUES (101, '/images/(102).jpg', 102, 1, '2020-01-02 15:49:06');
INSERT INTO `pic` VALUES (102, '/images/(103).jpg', 103, 1, '2020-01-02 15:49:06');
INSERT INTO `pic` VALUES (103, '/images/(104).jpg', 104, 1, '2020-01-02 15:49:06');
INSERT INTO `pic` VALUES (104, '/images/(105).jpg', 105, 1, '2020-01-02 15:49:06');
INSERT INTO `pic` VALUES (105, '/images/(106).jpg', 106, 1, '2020-01-02 15:49:06');
INSERT INTO `pic` VALUES (106, '/images/(107).jpg', 107, 1, '2020-01-02 15:49:06');
INSERT INTO `pic` VALUES (107, '/images/(108).jpg', 108, 1, '2020-01-02 15:49:06');
INSERT INTO `pic` VALUES (108, '/images/(109).jpg', 109, 1, '2020-01-02 15:49:06');
INSERT INTO `pic` VALUES (109, '/images/(110).jpg', 110, 1, '2020-01-02 15:49:06');
INSERT INTO `pic` VALUES (110, '/images/(111).jpg', 111, 1, '2020-01-02 15:49:06');
INSERT INTO `pic` VALUES (111, '/images/(112).jpg', 112, 1, '2020-01-02 15:49:06');
INSERT INTO `pic` VALUES (112, '/images/(113).jpg', 113, 1, '2020-01-02 15:49:06');
INSERT INTO `pic` VALUES (113, '/images/(114).jpg', 114, 1, '2020-01-02 15:49:06');
INSERT INTO `pic` VALUES (114, '/images/(115).jpg', 115, 1, '2020-01-02 15:49:06');
INSERT INTO `pic` VALUES (115, '/images/(116).jpg', 116, 1, '2020-01-02 15:49:06');
INSERT INTO `pic` VALUES (116, '/images/(117).jpg', 117, 1, '2020-01-02 15:49:06');
INSERT INTO `pic` VALUES (117, '/images/(118).jpg', 118, 1, '2020-01-02 15:49:06');
INSERT INTO `pic` VALUES (118, '/images/(119).jpg', 119, 1, '2020-01-02 15:49:06');
INSERT INTO `pic` VALUES (119, '/images/(120).jpg', 120, 1, '2020-01-02 15:49:06');
INSERT INTO `pic` VALUES (120, '/images/(121).jpg', 121, 1, '2020-01-02 15:49:06');
INSERT INTO `pic` VALUES (121, '/images/(122).jpg', 122, 1, '2020-01-02 15:49:06');
INSERT INTO `pic` VALUES (122, '/images/(123).jpg', 123, 1, '2020-01-02 15:49:06');
INSERT INTO `pic` VALUES (123, '/images/(124).jpg', 124, 1, '2020-01-02 15:49:06');
INSERT INTO `pic` VALUES (124, '/images/(125).jpg', 125, 1, '2020-01-02 15:49:06');
INSERT INTO `pic` VALUES (125, '/images/(126).jpg', 126, 1, '2020-01-02 15:49:06');
INSERT INTO `pic` VALUES (126, '/images/(127).jpg', 127, 1, '2020-01-02 15:49:06');
INSERT INTO `pic` VALUES (127, '/images/(128).jpg', 128, 1, '2020-01-02 15:49:06');
INSERT INTO `pic` VALUES (128, '/images/(129).jpg', 129, 1, '2020-01-02 15:49:06');
INSERT INTO `pic` VALUES (129, '/images/(130).jpg', 130, 1, '2020-01-02 15:49:06');
INSERT INTO `pic` VALUES (130, '/images/(131).jpg', 131, 1, '2020-01-02 15:49:06');
INSERT INTO `pic` VALUES (131, '/images/(132).jpg', 132, 1, '2020-01-02 15:49:06');
INSERT INTO `pic` VALUES (132, '/images/(133).jpg', 133, 1, '2020-01-02 15:49:06');
INSERT INTO `pic` VALUES (133, '/images/(134).jpg', 134, 1, '2020-01-02 15:49:06');
INSERT INTO `pic` VALUES (134, '/images/(135).jpg', 135, 1, '2020-01-02 15:49:06');
INSERT INTO `pic` VALUES (135, '/images/(136).jpg', 136, 1, '2020-01-02 15:49:06');
INSERT INTO `pic` VALUES (136, '/images/(137).jpg', 137, 1, '2020-01-02 15:49:06');
INSERT INTO `pic` VALUES (137, '/images/(138).jpg', 138, 1, '2020-01-02 15:49:06');
INSERT INTO `pic` VALUES (138, '/images/(139).jpg', 139, 1, '2020-01-02 15:49:06');
INSERT INTO `pic` VALUES (139, '/images/(140).jpg', 140, 1, '2020-01-02 15:49:06');
INSERT INTO `pic` VALUES (140, '/images/(141).jpg', 141, 1, '2020-01-02 15:49:06');
INSERT INTO `pic` VALUES (141, '/images/(142).jpg', 142, 1, '2020-01-02 15:49:06');
INSERT INTO `pic` VALUES (142, '/images/(143).jpg', 143, 1, '2020-01-02 15:49:06');
INSERT INTO `pic` VALUES (143, '/images/(144).jpg', 144, 1, '2020-01-02 15:49:06');
INSERT INTO `pic` VALUES (144, '/images/(145).jpg', 145, 1, '2020-01-02 15:49:06');
INSERT INTO `pic` VALUES (145, '/images/(146).jpg', 146, 1, '2020-01-02 15:49:06');
INSERT INTO `pic` VALUES (146, '/images/(147).jpg', 147, 1, '2020-01-02 15:49:06');
INSERT INTO `pic` VALUES (147, '/images/(148).jpg', 148, 1, '2020-01-02 15:49:06');
INSERT INTO `pic` VALUES (148, '/images/(149).jpg', 149, 1, '2020-01-02 15:49:06');
INSERT INTO `pic` VALUES (149, '/images/(150).jpg', 150, 1, '2020-01-02 15:49:06');
INSERT INTO `pic` VALUES (150, '/images/(151).jpg', 151, 1, '2020-01-02 15:49:06');
INSERT INTO `pic` VALUES (151, '/images/(152).jpg', 152, 1, '2020-01-02 15:49:06');
INSERT INTO `pic` VALUES (152, '/images/(153).jpg', 153, 1, '2020-01-02 15:49:06');
INSERT INTO `pic` VALUES (153, '/images/(154).jpg', 154, 1, '2020-01-02 15:49:06');
INSERT INTO `pic` VALUES (154, '/images/(155).jpg', 155, 1, '2020-01-02 15:49:06');
INSERT INTO `pic` VALUES (155, '/images/(156).jpg', 156, 1, '2020-01-02 15:49:06');
INSERT INTO `pic` VALUES (156, '/images/(157).jpg', 157, 1, '2020-01-02 15:49:06');
INSERT INTO `pic` VALUES (157, '/images/(158).jpg', 158, 1, '2020-01-02 15:49:06');
INSERT INTO `pic` VALUES (158, '/images/(159).jpg', 159, 1, '2020-01-02 15:49:06');
INSERT INTO `pic` VALUES (159, '/images/(160).jpg', 160, 1, '2020-01-02 15:49:06');
INSERT INTO `pic` VALUES (160, '/images/(161).jpg', 161, 1, '2020-01-02 15:49:06');
INSERT INTO `pic` VALUES (161, '/images/(162).jpg', 162, 1, '2020-01-02 15:49:06');
INSERT INTO `pic` VALUES (162, '/images/(163).jpg', 163, 1, '2020-01-02 15:49:06');
INSERT INTO `pic` VALUES (163, '/images/(164).jpg', 164, 1, '2020-01-02 15:49:06');
INSERT INTO `pic` VALUES (164, '/images/(165).jpg', 165, 1, '2020-01-02 15:49:06');
INSERT INTO `pic` VALUES (165, '/images/(166).jpg', 166, 1, '2020-01-02 15:49:06');
INSERT INTO `pic` VALUES (166, '/images/(167).jpg', 167, 1, '2020-01-02 15:49:06');
INSERT INTO `pic` VALUES (167, '/images/(168).jpg', 168, 1, '2020-01-02 15:49:06');
INSERT INTO `pic` VALUES (168, '/images/(169).jpg', 169, 1, '2020-01-02 15:49:06');
INSERT INTO `pic` VALUES (169, '/images/(170).jpg', 170, 1, '2020-01-02 15:49:06');
INSERT INTO `pic` VALUES (170, '/images/(171).jpg', 171, 1, '2020-01-02 15:49:06');
INSERT INTO `pic` VALUES (171, '/images/(172).jpg', 172, 1, '2020-01-02 15:49:06');
INSERT INTO `pic` VALUES (172, '/images/(173).jpg', 173, 1, '2020-01-02 15:49:06');
INSERT INTO `pic` VALUES (173, '/images/(174).jpg', 174, 1, '2020-01-02 15:49:06');
INSERT INTO `pic` VALUES (174, '/images/(175).jpg', 175, 1, '2020-01-02 15:49:06');
INSERT INTO `pic` VALUES (175, '/images/(176).jpg', 176, 1, '2020-01-02 15:49:06');
INSERT INTO `pic` VALUES (176, '/images/(177).jpg', 177, 1, '2020-01-02 15:49:06');
INSERT INTO `pic` VALUES (177, '/images/(178).jpg', 178, 1, '2020-01-02 15:49:06');
INSERT INTO `pic` VALUES (178, '/images/(179).jpg', 179, 1, '2020-01-02 15:49:06');
INSERT INTO `pic` VALUES (179, '/images/(180).jpg', 180, 1, '2020-01-02 15:49:06');
INSERT INTO `pic` VALUES (180, '/images/(181).jpg', 181, 1, '2020-01-02 15:49:06');
INSERT INTO `pic` VALUES (181, '/images/(182).jpg', 182, 1, '2020-01-02 15:49:06');
INSERT INTO `pic` VALUES (182, '/images/(183).jpg', 183, 1, '2020-01-02 15:49:06');
INSERT INTO `pic` VALUES (183, '/images/(184).jpg', 184, 1, '2020-01-02 15:49:06');
INSERT INTO `pic` VALUES (184, '/images/(185).jpg', 185, 1, '2020-01-02 15:49:06');
INSERT INTO `pic` VALUES (185, '/images/(186).jpg', 186, 1, '2020-01-02 15:49:06');
INSERT INTO `pic` VALUES (186, '/images/(187).jpg', 187, 1, '2020-01-02 15:49:06');
INSERT INTO `pic` VALUES (187, '/images/(188).jpg', 188, 1, '2020-01-02 15:49:06');
INSERT INTO `pic` VALUES (188, '/images/(189).jpg', 189, 1, '2020-01-02 15:49:06');
INSERT INTO `pic` VALUES (189, '/images/(190).jpg', 190, 1, '2020-01-02 15:49:06');
INSERT INTO `pic` VALUES (190, '/images/(191).jpg', 191, 1, '2020-01-02 15:49:06');
INSERT INTO `pic` VALUES (191, '/images/(192).jpg', 192, 1, '2020-01-02 15:49:06');
INSERT INTO `pic` VALUES (192, '/images/(193).jpg', 193, 1, '2020-01-02 15:49:06');
INSERT INTO `pic` VALUES (193, '/images/(194).jpg', 194, 1, '2020-01-02 15:49:06');
INSERT INTO `pic` VALUES (194, '/images/(195).jpg', 195, 1, '2020-01-02 15:49:06');
INSERT INTO `pic` VALUES (195, '/images/(196).jpg', 196, 1, '2020-01-02 15:49:06');
INSERT INTO `pic` VALUES (196, '/images/(197).jpg', 197, 1, '2020-01-02 15:49:06');
INSERT INTO `pic` VALUES (197, '/images/(198).jpg', 198, 1, '2020-01-02 15:49:06');
INSERT INTO `pic` VALUES (198, '/images/(199).jpg', 199, 1, '2020-01-02 15:49:06');
INSERT INTO `pic` VALUES (199, '/images/(200).jpg', 200, 1, '2020-01-02 15:49:06');
INSERT INTO `pic` VALUES (200, '/images/(201).jpg', 201, 1, '2020-01-02 15:49:06');
INSERT INTO `pic` VALUES (201, '/images/(202).jpg', 202, 1, '2020-01-02 15:49:06');
INSERT INTO `pic` VALUES (202, '/images/(203).jpg', 203, 1, '2020-01-02 15:49:06');
INSERT INTO `pic` VALUES (203, '/images/(204).jpg', 204, 1, '2020-01-02 15:49:06');
INSERT INTO `pic` VALUES (204, '/images/(205).jpg', 205, 1, '2020-01-02 15:49:06');
INSERT INTO `pic` VALUES (205, '/images/(206).jpg', 206, 1, '2020-01-02 15:49:06');
INSERT INTO `pic` VALUES (206, '/images/(207).jpg', 207, 1, '2020-01-02 15:49:06');
INSERT INTO `pic` VALUES (207, '/images/(208).jpg', 208, 1, '2020-01-02 15:49:06');
INSERT INTO `pic` VALUES (208, '/images/(209).jpg', 209, 1, '2020-01-02 15:49:06');
INSERT INTO `pic` VALUES (209, '/images/(210).jpg', 210, 1, '2020-01-02 15:49:06');
INSERT INTO `pic` VALUES (210, '/images/(211).jpg', 211, 1, '2020-01-02 15:49:06');
INSERT INTO `pic` VALUES (211, '/images/(212).jpg', 212, 1, '2020-01-02 15:49:06');
INSERT INTO `pic` VALUES (212, '/images/(213).jpg', 213, 1, '2020-01-02 15:49:06');
INSERT INTO `pic` VALUES (213, '/images/(214).jpg', 214, 1, '2020-01-02 15:49:06');
INSERT INTO `pic` VALUES (214, '/images/(215).jpg', 215, 1, '2020-01-02 15:49:06');
INSERT INTO `pic` VALUES (215, '/images/(216).jpg', 216, 1, '2020-01-02 15:49:06');
INSERT INTO `pic` VALUES (216, '/images/(217).jpg', 217, 1, '2020-01-02 15:49:06');
INSERT INTO `pic` VALUES (217, '/images/(218).jpg', 218, 1, '2020-01-02 15:49:06');
INSERT INTO `pic` VALUES (218, '/images/(219).jpg', 219, 1, '2020-01-02 15:49:06');
INSERT INTO `pic` VALUES (219, '/images/(220).jpg', 220, 1, '2020-01-02 15:49:06');
INSERT INTO `pic` VALUES (220, '/images/(221).jpg', 221, 1, '2020-01-02 15:49:06');
INSERT INTO `pic` VALUES (221, '/images/(222).jpg', 222, 1, '2020-01-02 15:49:06');
INSERT INTO `pic` VALUES (222, '/images/(223).jpg', 223, 1, '2020-01-02 15:49:06');
INSERT INTO `pic` VALUES (223, '/images/(224).jpg', 224, 1, '2020-01-02 15:49:06');
INSERT INTO `pic` VALUES (224, '/images/(225).jpg', 225, 1, '2020-01-02 15:49:06');
INSERT INTO `pic` VALUES (225, '/images/(226).jpg', 226, 1, '2020-01-02 15:49:06');
INSERT INTO `pic` VALUES (226, '/images/(227).jpg', 227, 1, '2020-01-02 15:49:06');
INSERT INTO `pic` VALUES (227, '/images/(228).jpg', 228, 1, '2020-01-02 15:49:06');
INSERT INTO `pic` VALUES (228, '/images/(229).jpg', 229, 1, '2020-01-02 15:49:06');
INSERT INTO `pic` VALUES (229, '/images/(230).jpg', 230, 1, '2020-01-02 15:49:06');
INSERT INTO `pic` VALUES (230, '/images/(231).jpg', 231, 1, '2020-01-02 15:49:06');
INSERT INTO `pic` VALUES (231, '/images/(232).jpg', 232, 1, '2020-01-02 15:49:06');
INSERT INTO `pic` VALUES (232, '/images/(233).jpg', 233, 1, '2020-01-02 15:49:06');
INSERT INTO `pic` VALUES (233, '/images/(234).jpg', 234, 1, '2020-01-02 15:49:06');
INSERT INTO `pic` VALUES (234, '/images/(235).jpg', 235, 1, '2020-01-02 15:49:06');
INSERT INTO `pic` VALUES (235, '/images/(236).jpg', 236, 1, '2020-01-02 15:49:06');
INSERT INTO `pic` VALUES (236, '/images/(237).jpg', 237, 1, '2020-01-02 15:49:06');
INSERT INTO `pic` VALUES (237, '/images/(238).jpg', 238, 1, '2020-01-02 15:49:06');
INSERT INTO `pic` VALUES (238, '/images/(239).jpg', 239, 1, '2020-01-02 15:49:06');
INSERT INTO `pic` VALUES (239, '/images/(240).jpg', 240, 1, '2020-01-02 15:49:06');
INSERT INTO `pic` VALUES (240, '/images/(241).jpg', 241, 1, '2020-01-02 15:49:06');
INSERT INTO `pic` VALUES (241, '/images/(242).jpg', 242, 1, '2020-01-02 15:49:06');
INSERT INTO `pic` VALUES (242, '/images/(243).jpg', 243, 1, '2020-01-02 15:49:06');
INSERT INTO `pic` VALUES (243, '/images/(244).jpg', 244, 1, '2020-01-02 15:49:06');
INSERT INTO `pic` VALUES (244, '/images/(245).jpg', 245, 1, '2020-01-02 15:49:06');
INSERT INTO `pic` VALUES (245, '/images/(246).jpg', 246, 1, '2020-01-02 15:49:06');
INSERT INTO `pic` VALUES (246, '/images/(247).jpg', 247, 1, '2020-01-02 15:49:06');
INSERT INTO `pic` VALUES (247, '/images/(248).jpg', 248, 1, '2020-01-02 15:49:06');
INSERT INTO `pic` VALUES (248, '/images/(249).jpg', 249, 1, '2020-01-02 15:49:06');
INSERT INTO `pic` VALUES (249, '/images/(250).jpg', 250, 1, '2020-01-02 15:49:06');
INSERT INTO `pic` VALUES (250, '/images/(251).jpg', 251, 1, '2020-01-02 15:49:06');
INSERT INTO `pic` VALUES (251, '/images/(252).jpg', 252, 1, '2020-01-02 15:49:06');
INSERT INTO `pic` VALUES (252, '/images/(253).jpg', 253, 1, '2020-01-02 15:49:06');
INSERT INTO `pic` VALUES (253, '/images/(254).jpg', 254, 1, '2020-01-02 15:49:06');
INSERT INTO `pic` VALUES (254, '/images/(255).jpg', 255, 1, '2020-01-02 15:49:06');
INSERT INTO `pic` VALUES (255, '/images/(256).jpg', 256, 1, '2020-01-02 15:49:06');
INSERT INTO `pic` VALUES (256, '/images/(257).jpg', 257, 1, '2020-01-02 15:49:06');
INSERT INTO `pic` VALUES (257, '/images/(258).jpg', 258, 1, '2020-01-02 15:49:06');
INSERT INTO `pic` VALUES (258, '/images/(259).jpg', 259, 1, '2020-01-02 15:49:06');
INSERT INTO `pic` VALUES (259, '/images/(260).jpg', 260, 1, '2020-01-02 15:49:06');
INSERT INTO `pic` VALUES (260, '/images/(261).jpg', 261, 1, '2020-01-02 15:49:06');
INSERT INTO `pic` VALUES (261, '/images/(262).jpg', 262, 1, '2020-01-02 15:49:06');
INSERT INTO `pic` VALUES (262, '/images/(263).jpg', 263, 1, '2020-01-02 15:49:06');
INSERT INTO `pic` VALUES (263, '/images/(264).jpg', 264, 1, '2020-01-02 15:49:06');
INSERT INTO `pic` VALUES (264, '/images/(265).jpg', 265, 1, '2020-01-02 15:49:06');
INSERT INTO `pic` VALUES (265, '/images/(266).jpg', 266, 1, '2020-01-02 15:49:06');
INSERT INTO `pic` VALUES (266, '/images/(267).jpg', 267, 1, '2020-01-02 15:49:06');
INSERT INTO `pic` VALUES (267, '/images/(268).jpg', 268, 1, '2020-01-02 15:49:06');
INSERT INTO `pic` VALUES (268, '/images/(269).jpg', 269, 1, '2020-01-02 15:49:06');
INSERT INTO `pic` VALUES (269, '/images/(270).jpg', 270, 1, '2020-01-02 15:49:06');
INSERT INTO `pic` VALUES (270, '/images/(271).jpg', 271, 1, '2020-01-02 15:49:06');
INSERT INTO `pic` VALUES (271, '/images/(272).jpg', 272, 1, '2020-01-02 15:49:06');
INSERT INTO `pic` VALUES (272, '/images/(273).jpg', 273, 1, '2020-01-02 15:49:06');
INSERT INTO `pic` VALUES (273, '/images/(274).jpg', 274, 1, '2020-01-02 15:49:06');
INSERT INTO `pic` VALUES (274, '/images/(275).jpg', 275, 1, '2020-01-02 15:49:06');
INSERT INTO `pic` VALUES (275, '/images/(276).jpg', 276, 1, '2020-01-02 15:49:06');
INSERT INTO `pic` VALUES (276, '/images/(277).jpg', 277, 1, '2020-01-02 15:49:06');
INSERT INTO `pic` VALUES (277, '/images/(278).jpg', 278, 1, '2020-01-02 15:49:06');
INSERT INTO `pic` VALUES (278, '/images/(279).jpg', 279, 1, '2020-01-02 15:49:06');
INSERT INTO `pic` VALUES (279, '/images/(280).jpg', 280, 1, '2020-01-02 15:49:06');
INSERT INTO `pic` VALUES (280, '/images/(281).jpg', 281, 1, '2020-01-02 15:49:06');
INSERT INTO `pic` VALUES (281, '/images/(282).jpg', 282, 1, '2020-01-02 15:49:06');
INSERT INTO `pic` VALUES (282, '/images/(283).jpg', 283, 1, '2020-01-02 15:49:06');
INSERT INTO `pic` VALUES (283, '/images/(284).jpg', 284, 1, '2020-01-02 15:49:06');
INSERT INTO `pic` VALUES (284, '/images/(285).jpg', 285, 1, '2020-01-02 15:49:06');
INSERT INTO `pic` VALUES (285, '/images/(286).jpg', 286, 1, '2020-01-02 15:49:06');
INSERT INTO `pic` VALUES (286, '/images/(287).jpg', 287, 1, '2020-01-02 15:49:06');
INSERT INTO `pic` VALUES (287, '/images/(288).jpg', 288, 1, '2020-01-02 15:49:06');
INSERT INTO `pic` VALUES (288, '/images/(289).jpg', 289, 1, '2020-01-02 15:49:06');
INSERT INTO `pic` VALUES (289, '/images/(290).jpg', 290, 1, '2020-01-02 15:49:06');
INSERT INTO `pic` VALUES (290, '/images/(291).jpg', 291, 1, '2020-01-02 15:49:06');
INSERT INTO `pic` VALUES (291, '/images/(292).jpg', 292, 1, '2020-01-02 15:49:06');
INSERT INTO `pic` VALUES (292, '/images/(293).jpg', 293, 1, '2020-01-02 15:49:06');
INSERT INTO `pic` VALUES (293, '/images/(294).jpg', 294, 1, '2020-01-02 15:49:06');
INSERT INTO `pic` VALUES (294, '/images/(295).jpg', 295, 1, '2020-01-02 15:49:06');
INSERT INTO `pic` VALUES (295, '/images/(296).jpg', 296, 1, '2020-01-02 15:49:06');
INSERT INTO `pic` VALUES (296, '/images/(297).jpg', 297, 1, '2020-01-02 15:49:06');
INSERT INTO `pic` VALUES (297, '/images/(298).jpg', 298, 1, '2020-01-02 15:49:06');
INSERT INTO `pic` VALUES (298, '/images/(299).jpg', 299, 1, '2020-01-02 15:49:06');
INSERT INTO `pic` VALUES (299, '/images/(300).jpg', 300, 1, '2020-01-02 15:49:06');
INSERT INTO `pic` VALUES (300, '/images/(301).jpg', 301, 1, '2020-01-02 15:49:06');
INSERT INTO `pic` VALUES (301, '/images/(302).jpg', 302, 1, '2020-01-02 15:49:06');
INSERT INTO `pic` VALUES (302, '/images/(303).jpg', 303, 1, '2020-01-02 15:49:06');
INSERT INTO `pic` VALUES (303, '/images/(304).jpg', 304, 1, '2020-01-02 15:49:06');
INSERT INTO `pic` VALUES (304, '/images/(305).jpg', 305, 1, '2020-01-02 15:49:06');
INSERT INTO `pic` VALUES (305, '/images/(306).jpg', 306, 1, '2020-01-02 15:49:06');
INSERT INTO `pic` VALUES (306, '/images/(307).jpg', 307, 1, '2020-01-02 15:49:06');
INSERT INTO `pic` VALUES (307, '/images/(308).jpg', 308, 1, '2020-01-02 15:49:06');
INSERT INTO `pic` VALUES (308, '/images/(309).jpg', 309, 1, '2020-01-02 15:49:06');
INSERT INTO `pic` VALUES (309, '/images/(310).jpg', 310, 1, '2020-01-02 15:49:06');
INSERT INTO `pic` VALUES (310, '/images/(311).jpg', 311, 1, '2020-01-02 15:49:06');
INSERT INTO `pic` VALUES (311, '/images/(312).jpg', 312, 1, '2020-01-02 15:49:06');
INSERT INTO `pic` VALUES (312, '/images/(313).jpg', 313, 1, '2020-01-02 15:49:06');
INSERT INTO `pic` VALUES (313, '/images/(314).jpg', 314, 1, '2020-01-02 15:49:06');
INSERT INTO `pic` VALUES (314, '/images/(315).jpg', 315, 1, '2020-01-02 15:49:06');
INSERT INTO `pic` VALUES (315, '/images/(316).jpg', 316, 1, '2020-01-02 15:49:06');
INSERT INTO `pic` VALUES (316, '/images/(317).jpg', 317, 1, '2020-01-02 15:49:06');
INSERT INTO `pic` VALUES (317, '/images/(318).jpg', 318, 1, '2020-01-02 15:49:06');
INSERT INTO `pic` VALUES (318, '/images/(319).jpg', 319, 1, '2020-01-02 15:49:06');
INSERT INTO `pic` VALUES (319, '/images/(320).jpg', 320, 1, '2020-01-02 15:49:06');
INSERT INTO `pic` VALUES (320, '/images/(321).jpg', 321, 1, '2020-01-02 15:49:06');
INSERT INTO `pic` VALUES (321, '/images/(322).jpg', 322, 1, '2020-01-02 15:49:06');
INSERT INTO `pic` VALUES (322, '/images/(323).jpg', 323, 1, '2020-01-02 15:49:06');
INSERT INTO `pic` VALUES (323, '/images/(324).jpg', 324, 1, '2020-01-02 15:49:06');
INSERT INTO `pic` VALUES (324, '/images/(325).jpg', 325, 1, '2020-01-02 15:49:06');
INSERT INTO `pic` VALUES (325, '/images/(326).jpg', 326, 1, '2020-01-02 15:49:06');
INSERT INTO `pic` VALUES (326, '/images/(327).jpg', 327, 1, '2020-01-02 15:49:06');
INSERT INTO `pic` VALUES (327, '/images/(328).jpg', 328, 1, '2020-01-02 15:49:06');
INSERT INTO `pic` VALUES (328, '/images/(329).jpg', 329, 1, '2020-01-02 15:49:06');
INSERT INTO `pic` VALUES (329, '/images/(330).jpg', 330, 1, '2020-01-02 15:49:06');
INSERT INTO `pic` VALUES (330, '/images/(331).jpg', 331, 1, '2020-01-02 15:49:06');
INSERT INTO `pic` VALUES (331, '/images/(332).jpg', 332, 1, '2020-01-02 15:49:06');
INSERT INTO `pic` VALUES (332, '/images/(333).jpg', 333, 1, '2020-01-02 15:49:06');
INSERT INTO `pic` VALUES (333, '/images/(334).jpg', 334, 1, '2020-01-02 15:49:06');
INSERT INTO `pic` VALUES (334, '/images/(335).jpg', 335, 1, '2020-01-02 15:49:06');
INSERT INTO `pic` VALUES (335, '/images/(336).jpg', 336, 1, '2020-01-02 15:49:06');
INSERT INTO `pic` VALUES (336, '/images/(337).jpg', 337, 1, '2020-01-02 15:49:06');
INSERT INTO `pic` VALUES (337, '/images/(338).jpg', 338, 1, '2020-01-02 15:49:06');
INSERT INTO `pic` VALUES (338, '/images/(339).jpg', 339, 1, '2020-01-02 15:49:06');
INSERT INTO `pic` VALUES (339, '/images/(340).jpg', 340, 1, '2020-01-02 15:49:06');
INSERT INTO `pic` VALUES (340, '/images/(341).jpg', 341, 1, '2020-01-02 15:49:06');
INSERT INTO `pic` VALUES (341, '/images/(342).jpg', 342, 1, '2020-01-02 15:49:06');
INSERT INTO `pic` VALUES (342, '/images/(343).jpg', 343, 1, '2020-01-02 15:49:06');
INSERT INTO `pic` VALUES (343, '/images/(344).jpg', 344, 1, '2020-01-02 15:49:06');
INSERT INTO `pic` VALUES (344, '/images/(345).jpg', 345, 1, '2020-01-02 15:49:06');
INSERT INTO `pic` VALUES (345, '/images/(346).jpg', 346, 1, '2020-01-02 15:49:06');
INSERT INTO `pic` VALUES (346, '/images/(347).jpg', 347, 1, '2020-01-02 15:49:06');
INSERT INTO `pic` VALUES (347, '/images/(348).jpg', 348, 1, '2020-01-02 15:49:06');
INSERT INTO `pic` VALUES (348, '/images/(349).jpg', 349, 1, '2020-01-02 15:49:06');
INSERT INTO `pic` VALUES (349, '/images/(350).jpg', 350, 1, '2020-01-02 15:49:06');
INSERT INTO `pic` VALUES (350, '/images/(351).jpg', 351, 1, '2020-01-02 15:49:06');
INSERT INTO `pic` VALUES (351, '/images/(352).jpg', 352, 1, '2020-01-02 15:49:06');
INSERT INTO `pic` VALUES (352, '/images/(353).jpg', 353, 1, '2020-01-02 15:49:06');
INSERT INTO `pic` VALUES (353, '/images/(354).jpg', 354, 1, '2020-01-02 15:49:06');
INSERT INTO `pic` VALUES (354, '/images/(355).jpg', 355, 1, '2020-01-02 15:49:06');
INSERT INTO `pic` VALUES (355, '/images/(356).jpg', 356, 1, '2020-01-02 15:49:06');
INSERT INTO `pic` VALUES (356, '/images/(357).jpg', 357, 1, '2020-01-02 15:49:06');
INSERT INTO `pic` VALUES (357, '/images/(358).jpg', 358, 1, '2020-01-02 15:49:06');
INSERT INTO `pic` VALUES (358, '/images/(359).jpg', 359, 1, '2020-01-02 15:49:06');
INSERT INTO `pic` VALUES (359, '/images/(360).jpg', 360, 1, '2020-01-02 15:49:06');
INSERT INTO `pic` VALUES (360, '/images/(361).jpg', 361, 1, '2020-01-02 15:49:06');
INSERT INTO `pic` VALUES (361, '/images/(362).jpg', 362, 1, '2020-01-02 15:49:06');
INSERT INTO `pic` VALUES (362, '/images/(363).jpg', 363, 1, '2020-01-02 15:49:06');
INSERT INTO `pic` VALUES (363, '/images/(364).jpg', 364, 1, '2020-01-02 15:49:06');
INSERT INTO `pic` VALUES (364, '/images/(365).jpg', 365, 1, '2020-01-02 15:49:06');
INSERT INTO `pic` VALUES (365, '/images/(366).jpg', 366, 1, '2020-01-02 15:49:06');
INSERT INTO `pic` VALUES (366, '/images/(367).jpg', 367, 1, '2020-01-02 15:49:06');
INSERT INTO `pic` VALUES (367, '/images/(368).jpg', 368, 1, '2020-01-02 15:49:06');
INSERT INTO `pic` VALUES (368, '/images/(369).jpg', 369, 1, '2020-01-02 15:49:06');
INSERT INTO `pic` VALUES (369, '/images/(370).jpg', 370, 1, '2020-01-02 15:49:06');
INSERT INTO `pic` VALUES (370, '/images/(371).jpg', 371, 1, '2020-01-02 15:49:06');
INSERT INTO `pic` VALUES (371, '/images/(372).jpg', 372, 1, '2020-01-02 15:49:06');
INSERT INTO `pic` VALUES (372, '/images/(373).jpg', 373, 1, '2020-01-02 15:49:06');
INSERT INTO `pic` VALUES (373, '/images/(374).jpg', 374, 1, '2020-01-02 15:49:06');
INSERT INTO `pic` VALUES (374, '/images/(375).jpg', 375, 1, '2020-01-02 15:49:06');
INSERT INTO `pic` VALUES (375, '/images/(376).jpg', 376, 1, '2020-01-02 15:49:06');
INSERT INTO `pic` VALUES (376, '/images/(377).jpg', 377, 1, '2020-01-02 15:49:06');
INSERT INTO `pic` VALUES (377, '/images/(378).jpg', 378, 1, '2020-01-02 15:49:06');
INSERT INTO `pic` VALUES (378, '/images/(379).jpg', 379, 1, '2020-01-02 15:49:06');
INSERT INTO `pic` VALUES (379, '/images/(380).jpg', 380, 1, '2020-01-02 15:49:06');
INSERT INTO `pic` VALUES (380, '/images/(381).jpg', 381, 1, '2020-01-02 15:49:06');
INSERT INTO `pic` VALUES (381, '/images/(382).jpg', 382, 1, '2020-01-02 15:49:06');
INSERT INTO `pic` VALUES (382, '/images/(383).jpg', 383, 1, '2020-01-02 15:49:06');
INSERT INTO `pic` VALUES (383, '/images/(384).jpg', 384, 1, '2020-01-02 15:49:06');
INSERT INTO `pic` VALUES (384, '/images/(385).jpg', 385, 1, '2020-01-02 15:49:06');
INSERT INTO `pic` VALUES (385, '/images/(386).jpg', 386, 1, '2020-01-02 15:49:06');
INSERT INTO `pic` VALUES (386, '/images/(387).jpg', 387, 1, '2020-01-02 15:49:06');
INSERT INTO `pic` VALUES (387, '/images/(388).jpg', 388, 1, '2020-01-02 15:49:06');
INSERT INTO `pic` VALUES (388, '/images/(389).jpg', 389, 1, '2020-01-02 15:49:06');
INSERT INTO `pic` VALUES (389, '/images/(390).jpg', 390, 1, '2020-01-02 15:49:06');
INSERT INTO `pic` VALUES (390, '/images/(391).jpg', 391, 1, '2020-01-02 15:49:06');
INSERT INTO `pic` VALUES (391, '/images/(392).jpg', 392, 1, '2020-01-02 15:49:06');
INSERT INTO `pic` VALUES (392, '/images/(393).jpg', 393, 1, '2020-01-02 15:49:06');
INSERT INTO `pic` VALUES (393, '/images/(394).jpg', 394, 1, '2020-01-02 15:49:06');
INSERT INTO `pic` VALUES (394, '/images/(395).jpg', 395, 1, '2020-01-02 15:49:06');
INSERT INTO `pic` VALUES (395, '/images/(396).jpg', 396, 1, '2020-01-02 15:49:06');
INSERT INTO `pic` VALUES (396, '/images/(397).jpg', 397, 1, '2020-01-02 15:49:06');
INSERT INTO `pic` VALUES (397, '/images/(398).jpg', 398, 1, '2020-01-02 15:49:06');
INSERT INTO `pic` VALUES (398, '/images/(399).jpg', 399, 1, '2020-01-02 15:49:06');
INSERT INTO `pic` VALUES (399, '/images/(400).jpg', 400, 1, '2020-01-02 15:49:06');
INSERT INTO `pic` VALUES (400, '/images/(401).jpg', 401, 1, '2020-01-02 15:49:06');
INSERT INTO `pic` VALUES (401, '/images/(402).jpg', 402, 1, '2020-01-02 15:49:06');
INSERT INTO `pic` VALUES (402, '/images/(403).jpg', 403, 1, '2020-01-02 15:49:06');
INSERT INTO `pic` VALUES (403, '/images/(404).jpg', 404, 1, '2020-01-02 15:49:06');
INSERT INTO `pic` VALUES (404, '/images/(405).jpg', 405, 1, '2020-01-02 15:49:06');
INSERT INTO `pic` VALUES (405, '/images/(406).jpg', 406, 1, '2020-01-02 15:49:06');
INSERT INTO `pic` VALUES (406, '/images/(407).jpg', 407, 1, '2020-01-02 15:49:06');
INSERT INTO `pic` VALUES (407, '/images/(408).jpg', 408, 1, '2020-01-02 15:49:06');
INSERT INTO `pic` VALUES (408, '/images/(409).jpg', 409, 1, '2020-01-02 15:49:06');
INSERT INTO `pic` VALUES (409, '/images/(410).jpg', 410, 1, '2020-01-02 15:49:06');
INSERT INTO `pic` VALUES (410, '/images/(411).jpg', 411, 1, '2020-01-02 15:49:06');
INSERT INTO `pic` VALUES (411, '/images/(412).jpg', 412, 1, '2020-01-02 15:49:06');
INSERT INTO `pic` VALUES (412, '/images/(413).jpg', 413, 1, '2020-01-02 15:49:06');
INSERT INTO `pic` VALUES (413, '/images/(414).jpg', 414, 1, '2020-01-02 15:49:06');
INSERT INTO `pic` VALUES (414, '/images/(415).jpg', 415, 1, '2020-01-02 15:49:06');
INSERT INTO `pic` VALUES (415, '/images/(416).jpg', 416, 1, '2020-01-02 15:49:06');
INSERT INTO `pic` VALUES (416, '/images/(417).jpg', 417, 1, '2020-01-02 15:49:06');
INSERT INTO `pic` VALUES (417, '/images/(418).jpg', 418, 1, '2020-01-02 15:49:06');
INSERT INTO `pic` VALUES (418, '/images/(419).jpg', 419, 1, '2020-01-02 15:49:06');
INSERT INTO `pic` VALUES (419, '/images/(420).jpg', 420, 1, '2020-01-02 15:49:06');
INSERT INTO `pic` VALUES (420, '/images/(421).jpg', 421, 1, '2020-01-02 15:49:06');
INSERT INTO `pic` VALUES (421, '/images/(422).jpg', 422, 1, '2020-01-02 15:49:06');
INSERT INTO `pic` VALUES (422, '/images/(423).jpg', 423, 1, '2020-01-02 15:49:06');
INSERT INTO `pic` VALUES (423, '/images/(424).jpg', 424, 1, '2020-01-02 15:49:06');
INSERT INTO `pic` VALUES (424, '/images/(425).jpg', 425, 1, '2020-01-02 15:49:06');
INSERT INTO `pic` VALUES (425, '/images/(426).jpg', 426, 1, '2020-01-02 15:49:06');
INSERT INTO `pic` VALUES (426, '/images/(427).jpg', 427, 1, '2020-01-02 15:49:06');
INSERT INTO `pic` VALUES (427, '/images/(428).jpg', 428, 1, '2020-01-02 15:49:06');
INSERT INTO `pic` VALUES (428, '/images/(429).jpg', 429, 1, '2020-01-02 15:49:06');
INSERT INTO `pic` VALUES (429, '/images/(430).jpg', 430, 1, '2020-01-02 15:49:06');
INSERT INTO `pic` VALUES (430, '/images/(431).jpg', 431, 1, '2020-01-02 15:49:06');
INSERT INTO `pic` VALUES (431, '/images/(432).jpg', 432, 1, '2020-01-02 15:49:06');
INSERT INTO `pic` VALUES (432, '/images/(433).jpg', 433, 1, '2020-01-02 15:49:06');
INSERT INTO `pic` VALUES (433, '/images/(434).jpg', 434, 1, '2020-01-02 15:49:06');
INSERT INTO `pic` VALUES (434, '/images/(435).jpg', 435, 1, '2020-01-02 15:49:06');
INSERT INTO `pic` VALUES (435, '/images/(436).jpg', 436, 1, '2020-01-02 15:49:06');
INSERT INTO `pic` VALUES (436, '/images/(437).jpg', 437, 1, '2020-01-02 15:49:06');
INSERT INTO `pic` VALUES (437, '/images/(438).jpg', 438, 1, '2020-01-02 15:49:06');
INSERT INTO `pic` VALUES (438, '/images/(439).jpg', 439, 1, '2020-01-02 15:49:06');
INSERT INTO `pic` VALUES (439, '/images/(440).jpg', 440, 1, '2020-01-02 15:49:06');
INSERT INTO `pic` VALUES (440, '/images/(441).jpg', 441, 1, '2020-01-02 15:49:06');
INSERT INTO `pic` VALUES (441, '/images/(442).jpg', 442, 1, '2020-01-02 15:49:06');
INSERT INTO `pic` VALUES (442, '/images/(443).jpg', 443, 1, '2020-01-02 15:49:06');
INSERT INTO `pic` VALUES (443, '/images/(444).jpg', 444, 1, '2020-01-02 15:49:06');
INSERT INTO `pic` VALUES (444, '/images/(445).jpg', 445, 1, '2020-01-02 15:49:06');
INSERT INTO `pic` VALUES (445, '/images/(446).jpg', 446, 1, '2020-01-02 15:49:06');
INSERT INTO `pic` VALUES (446, '/images/(447).jpg', 447, 1, '2020-01-02 15:49:06');
INSERT INTO `pic` VALUES (447, '/images/(448).jpg', 448, 1, '2020-01-02 15:49:06');
INSERT INTO `pic` VALUES (448, '/images/(449).jpg', 449, 1, '2020-01-02 15:49:06');
INSERT INTO `pic` VALUES (449, '/images/(450).jpg', 450, 1, '2020-01-02 15:49:06');
INSERT INTO `pic` VALUES (450, '/images/(451).jpg', 451, 1, '2020-01-02 15:49:06');
INSERT INTO `pic` VALUES (451, '/images/(452).jpg', 452, 1, '2020-01-02 15:49:06');
INSERT INTO `pic` VALUES (452, '/images/(453).jpg', 453, 1, '2020-01-02 15:49:06');
INSERT INTO `pic` VALUES (453, '/images/(455).jpg', 455, 1, '2020-01-02 15:49:06');
INSERT INTO `pic` VALUES (454, '/images/(456).jpg', 456, 1, '2020-01-02 15:49:06');
INSERT INTO `pic` VALUES (455, '/images/(457).jpg', 457, 1, '2020-01-02 15:49:06');
INSERT INTO `pic` VALUES (456, '/images/(458).jpg', 458, 1, '2020-01-02 15:49:06');
INSERT INTO `pic` VALUES (457, '/images/(459).jpg', 459, 1, '2020-01-02 15:49:06');
INSERT INTO `pic` VALUES (458, '/images/(460).jpg', 460, 1, '2020-01-02 15:49:06');
INSERT INTO `pic` VALUES (459, '/images/(461).jpg', 461, 1, '2020-01-02 15:49:06');
INSERT INTO `pic` VALUES (460, '/images/(462).jpg', 462, 1, '2020-01-02 15:49:06');
INSERT INTO `pic` VALUES (461, '/images/(463).jpg', 463, 1, '2020-01-02 15:49:06');
INSERT INTO `pic` VALUES (462, '/images/(464).jpg', 464, 1, '2020-01-02 15:49:06');
INSERT INTO `pic` VALUES (463, '/images/(465).jpg', 465, 1, '2020-01-02 15:49:06');
INSERT INTO `pic` VALUES (464, '/images/(466).jpg', 466, 1, '2020-01-02 15:49:06');
INSERT INTO `pic` VALUES (465, '/images/(467).jpg', 467, 1, '2020-01-02 15:49:06');
INSERT INTO `pic` VALUES (466, '/images/(35).jpg', 468, 1, '2020-01-06 14:40:57');
INSERT INTO `pic` VALUES (467, '/images/(469).jpg', 469, 1, '2020-01-02 15:49:06');
INSERT INTO `pic` VALUES (468, '/images/(470).jpg', 470, 1, '2020-01-02 15:49:06');
INSERT INTO `pic` VALUES (469, '/images/(471).jpg', 471, 1, '2020-01-02 15:49:06');
INSERT INTO `pic` VALUES (470, '/images/(472).jpg', 472, 1, '2020-01-02 15:49:06');
INSERT INTO `pic` VALUES (471, '/images/(473).jpg', 473, 1, '2020-01-02 15:49:06');
INSERT INTO `pic` VALUES (472, '/images/(474).jpg', 474, 1, '2020-01-02 15:49:06');
INSERT INTO `pic` VALUES (473, '/images/(475).jpg', 475, 1, '2020-01-02 15:49:06');
INSERT INTO `pic` VALUES (474, '/images/(10).jpg', 476, 1, '2020-01-03 10:33:50');
INSERT INTO `pic` VALUES (477, '/images/(9).jpg', 8582, 1, '2020-01-06 14:40:38');
INSERT INTO `pic` VALUES (478, '/images/2.jpg', 8583, 1, '2020-01-02 16:21:44');
INSERT INTO `pic` VALUES (480, '/images/(16).jpg', 2, 1, '2020-01-06 14:02:55');
INSERT INTO `pic` VALUES (481, '/images/(133).jpg', 8584, 1, '2020-01-03 10:32:35');
INSERT INTO `pic` VALUES (482, '/images/(4).jpg', 8585, 1, '2020-01-06 14:12:01');

-- ----------------------------
-- Table structure for stock
-- ----------------------------
DROP TABLE IF EXISTS `stock`;
CREATE TABLE `stock`  (
  `stockId` int(11) NOT NULL AUTO_INCREMENT COMMENT '库存ID',
  `goodsCode` int(11) DEFAULT 0 COMMENT '商品编码',
  `stockAmout` int(11) DEFAULT 0 COMMENT '库存数量',
  `updateTime` timestamp NOT NULL DEFAULT CURRENT_TIMESTAMP ON UPDATE CURRENT_TIMESTAMP COMMENT '更新时间',
  PRIMARY KEY USING BTREE (`stockId`),
  INDEX `fk_goodsCode` USING BTREE(`goodsCode`),
  CONSTRAINT `fk_goodsCode` FOREIGN KEY (`goodsCode`) REFERENCES `goods` (`goodsCode`) ON DELETE RESTRICT ON UPDATE RESTRICT
) ENGINE = InnoDB AUTO_INCREMENT = 8585 CHARACTER SET = utf8 COLLATE = utf8_general_ci COMMENT = '库存表' ROW_FORMAT = Compact;

-- ----------------------------
-- Records of stock
-- ----------------------------
INSERT INTO `stock` VALUES (4, 1, 222, '2020-01-06 16:40:32');
INSERT INTO `stock` VALUES (5, 2, -6, '2020-01-06 16:40:32');
INSERT INTO `stock` VALUES (6, 3, 86, '2020-01-07 09:30:23');
INSERT INTO `stock` VALUES (7, 4, 8, '2020-01-06 16:45:50');
INSERT INTO `stock` VALUES (8, 5, -208, '2020-01-06 16:52:08');
INSERT INTO `stock` VALUES (9, 6, -89, '2020-01-06 16:52:08');
INSERT INTO `stock` VALUES (13, 10, 60, '2020-01-06 14:05:42');
INSERT INTO `stock` VALUES (14, 11, 90, '2020-01-06 14:05:53');
INSERT INTO `stock` VALUES (15, 12, -18, '2020-01-06 16:40:32');
INSERT INTO `stock` VALUES (17, 14, 14, '2020-01-06 16:02:58');
INSERT INTO `stock` VALUES (18, 15, 0, '2019-12-31 10:42:51');
INSERT INTO `stock` VALUES (19, 16, 0, '2019-12-31 10:42:51');
INSERT INTO `stock` VALUES (20, 17, 0, '2019-12-31 10:42:51');
INSERT INTO `stock` VALUES (21, 18, 0, '2019-12-31 10:42:51');
INSERT INTO `stock` VALUES (22, 19, 0, '2019-12-31 10:42:51');
INSERT INTO `stock` VALUES (23, 20, -2, '2020-01-06 14:28:51');
INSERT INTO `stock` VALUES (24, 21, 0, '2019-12-31 10:42:51');
INSERT INTO `stock` VALUES (25, 22, 0, '2019-12-31 10:42:51');
INSERT INTO `stock` VALUES (26, 23, 0, '2019-12-31 10:42:51');
INSERT INTO `stock` VALUES (27, 24, 110, '2020-01-06 14:41:22');
INSERT INTO `stock` VALUES (28, 25, 0, '2019-12-31 10:42:51');
INSERT INTO `stock` VALUES (29, 26, 0, '2019-12-31 10:42:51');
INSERT INTO `stock` VALUES (30, 27, 0, '2019-12-31 10:42:51');
INSERT INTO `stock` VALUES (31, 28, 0, '2019-12-31 10:42:51');
INSERT INTO `stock` VALUES (32, 29, 0, '2019-12-31 10:42:51');
INSERT INTO `stock` VALUES (33, 30, 0, '2019-12-31 10:42:51');
INSERT INTO `stock` VALUES (34, 31, 0, '2019-12-31 10:42:51');
INSERT INTO `stock` VALUES (35, 32, 0, '2019-12-31 10:42:51');
INSERT INTO `stock` VALUES (36, 33, 0, '2019-12-31 10:42:51');
INSERT INTO `stock` VALUES (37, 34, -200, '2020-01-06 10:22:55');
INSERT INTO `stock` VALUES (38, 35, 0, '2019-12-31 10:42:51');
INSERT INTO `stock` VALUES (39, 36, -116, '2020-01-06 16:40:32');
INSERT INTO `stock` VALUES (40, 37, -13, '2020-01-07 11:46:37');
INSERT INTO `stock` VALUES (41, 38, -6, '2020-01-06 09:24:38');
INSERT INTO `stock` VALUES (42, 39, -4, '2020-01-06 09:24:38');
INSERT INTO `stock` VALUES (43, 40, -2, '2020-01-06 13:48:15');
INSERT INTO `stock` VALUES (44, 41, -5, '2020-01-06 09:24:38');
INSERT INTO `stock` VALUES (45, 42, -12, '2020-01-06 11:54:59');
INSERT INTO `stock` VALUES (46, 43, -6, '2020-01-06 13:48:15');
INSERT INTO `stock` VALUES (48, 45, 0, '2019-12-31 10:42:51');
INSERT INTO `stock` VALUES (49, 46, 0, '2019-12-31 10:42:51');
INSERT INTO `stock` VALUES (50, 47, 0, '2019-12-31 10:42:51');
INSERT INTO `stock` VALUES (51, 48, 0, '2019-12-31 10:42:51');
INSERT INTO `stock` VALUES (52, 49, 0, '2019-12-31 10:42:51');
INSERT INTO `stock` VALUES (53, 50, -2, '2020-01-06 16:02:58');
INSERT INTO `stock` VALUES (54, 51, 0, '2019-12-31 10:42:51');
INSERT INTO `stock` VALUES (55, 52, 0, '2019-12-31 10:42:51');
INSERT INTO `stock` VALUES (56, 53, 0, '2019-12-31 10:42:51');
INSERT INTO `stock` VALUES (57, 54, 0, '2019-12-31 10:42:51');
INSERT INTO `stock` VALUES (58, 55, 0, '2019-12-31 10:42:51');
INSERT INTO `stock` VALUES (59, 56, 0, '2019-12-31 10:42:51');
INSERT INTO `stock` VALUES (60, 57, -66, '2020-01-06 13:59:28');
INSERT INTO `stock` VALUES (61, 58, 0, '2019-12-31 10:42:51');
INSERT INTO `stock` VALUES (62, 59, 0, '2019-12-31 10:42:51');
INSERT INTO `stock` VALUES (63, 60, 0, '2019-12-31 10:42:51');
INSERT INTO `stock` VALUES (64, 61, 0, '2019-12-31 10:42:51');
INSERT INTO `stock` VALUES (65, 62, 0, '2019-12-31 10:42:51');
INSERT INTO `stock` VALUES (66, 63, 0, '2019-12-31 10:42:51');
INSERT INTO `stock` VALUES (67, 64, 0, '2019-12-31 10:42:51');
INSERT INTO `stock` VALUES (68, 65, -4, '2020-01-06 16:40:32');
INSERT INTO `stock` VALUES (69, 66, -66, '2020-01-06 13:59:28');
INSERT INTO `stock` VALUES (70, 67, 0, '2019-12-31 10:42:51');
INSERT INTO `stock` VALUES (71, 68, 0, '2019-12-31 10:42:51');
INSERT INTO `stock` VALUES (72, 69, 0, '2019-12-31 10:42:51');
INSERT INTO `stock` VALUES (73, 70, 0, '2019-12-31 10:42:51');
INSERT INTO `stock` VALUES (74, 71, 0, '2019-12-31 10:42:51');
INSERT INTO `stock` VALUES (75, 72, 0, '2019-12-31 10:42:51');
INSERT INTO `stock` VALUES (76, 73, 0, '2019-12-31 10:42:51');
INSERT INTO `stock` VALUES (77, 74, 0, '2019-12-31 10:42:51');
INSERT INTO `stock` VALUES (78, 75, 0, '2019-12-31 10:42:51');
INSERT INTO `stock` VALUES (79, 76, 0, '2019-12-31 10:42:51');
INSERT INTO `stock` VALUES (80, 77, 0, '2019-12-31 10:42:51');
INSERT INTO `stock` VALUES (81, 78, 0, '2019-12-31 10:42:51');
INSERT INTO `stock` VALUES (82, 79, 0, '2019-12-31 10:42:51');
INSERT INTO `stock` VALUES (83, 80, 0, '2019-12-31 10:42:51');
INSERT INTO `stock` VALUES (84, 81, 0, '2019-12-31 10:42:51');
INSERT INTO `stock` VALUES (85, 82, 0, '2019-12-31 10:42:51');
INSERT INTO `stock` VALUES (86, 83, 0, '2019-12-31 10:42:51');
INSERT INTO `stock` VALUES (87, 84, 84, '2020-01-06 14:21:46');
INSERT INTO `stock` VALUES (88, 85, 0, '2019-12-31 10:42:51');
INSERT INTO `stock` VALUES (89, 86, 0, '2019-12-31 10:42:51');
INSERT INTO `stock` VALUES (90, 87, 0, '2019-12-31 10:42:51');
INSERT INTO `stock` VALUES (91, 88, 0, '2019-12-31 10:42:51');
INSERT INTO `stock` VALUES (92, 89, 0, '2019-12-31 10:42:51');
INSERT INTO `stock` VALUES (93, 90, 0, '2019-12-31 10:42:51');
INSERT INTO `stock` VALUES (94, 91, 0, '2019-12-31 10:42:51');
INSERT INTO `stock` VALUES (95, 92, 0, '2019-12-31 10:42:51');
INSERT INTO `stock` VALUES (96, 93, 0, '2019-12-31 10:42:51');
INSERT INTO `stock` VALUES (97, 94, 0, '2019-12-31 10:42:51');
INSERT INTO `stock` VALUES (98, 95, 0, '2019-12-31 10:42:51');
INSERT INTO `stock` VALUES (99, 96, 0, '2019-12-31 10:42:51');
INSERT INTO `stock` VALUES (100, 97, 0, '2019-12-31 10:42:51');
INSERT INTO `stock` VALUES (101, 98, 0, '2019-12-31 10:42:51');
INSERT INTO `stock` VALUES (102, 99, 0, '2019-12-31 10:42:51');
INSERT INTO `stock` VALUES (103, 100, 0, '2019-12-31 10:42:51');
INSERT INTO `stock` VALUES (104, 101, 0, '2019-12-31 10:42:51');
INSERT INTO `stock` VALUES (105, 102, 0, '2019-12-31 10:42:51');
INSERT INTO `stock` VALUES (106, 103, 0, '2019-12-31 10:42:51');
INSERT INTO `stock` VALUES (107, 104, 0, '2019-12-31 10:42:51');
INSERT INTO `stock` VALUES (108, 105, -6, '2020-01-06 14:28:51');
INSERT INTO `stock` VALUES (109, 106, 0, '2019-12-31 10:42:51');
INSERT INTO `stock` VALUES (110, 107, 0, '2019-12-31 10:42:51');
INSERT INTO `stock` VALUES (111, 108, 0, '2019-12-31 10:42:51');
INSERT INTO `stock` VALUES (112, 109, 0, '2019-12-31 10:42:51');
INSERT INTO `stock` VALUES (113, 110, 0, '2019-12-31 10:42:51');
INSERT INTO `stock` VALUES (114, 111, 0, '2019-12-31 10:42:51');
INSERT INTO `stock` VALUES (115, 112, 0, '2019-12-31 10:42:51');
INSERT INTO `stock` VALUES (116, 113, 0, '2019-12-31 10:42:51');
INSERT INTO `stock` VALUES (117, 114, 0, '2019-12-31 10:42:51');
INSERT INTO `stock` VALUES (118, 115, 0, '2019-12-31 10:42:51');
INSERT INTO `stock` VALUES (119, 116, 0, '2019-12-31 10:42:51');
INSERT INTO `stock` VALUES (120, 117, 0, '2019-12-31 10:42:51');
INSERT INTO `stock` VALUES (121, 118, -6, '2020-01-06 18:16:20');
INSERT INTO `stock` VALUES (122, 119, -16, '2020-01-07 11:46:37');
INSERT INTO `stock` VALUES (123, 120, -9, '2020-01-07 11:46:37');
INSERT INTO `stock` VALUES (124, 121, 0, '2019-12-31 10:42:51');
INSERT INTO `stock` VALUES (125, 122, 0, '2019-12-31 10:42:51');
INSERT INTO `stock` VALUES (126, 123, 0, '2019-12-31 10:42:51');
INSERT INTO `stock` VALUES (127, 124, 0, '2019-12-31 10:42:51');
INSERT INTO `stock` VALUES (128, 125, 0, '2019-12-31 10:42:51');
INSERT INTO `stock` VALUES (129, 126, 0, '2019-12-31 10:42:51');
INSERT INTO `stock` VALUES (130, 127, 0, '2019-12-31 10:42:51');
INSERT INTO `stock` VALUES (131, 128, -2, '2020-01-06 16:47:01');
INSERT INTO `stock` VALUES (132, 129, 0, '2019-12-31 10:42:51');
INSERT INTO `stock` VALUES (133, 130, 0, '2019-12-31 10:42:51');
INSERT INTO `stock` VALUES (134, 131, 0, '2019-12-31 10:42:51');
INSERT INTO `stock` VALUES (135, 132, 0, '2019-12-31 10:42:51');
INSERT INTO `stock` VALUES (136, 133, 0, '2019-12-31 10:42:51');
INSERT INTO `stock` VALUES (137, 134, 0, '2019-12-31 10:42:51');
INSERT INTO `stock` VALUES (138, 135, 0, '2019-12-31 10:42:51');
INSERT INTO `stock` VALUES (139, 136, 0, '2019-12-31 10:42:51');
INSERT INTO `stock` VALUES (140, 137, 0, '2019-12-31 10:42:51');
INSERT INTO `stock` VALUES (141, 138, 0, '2019-12-31 10:42:51');
INSERT INTO `stock` VALUES (142, 139, 0, '2019-12-31 10:42:51');
INSERT INTO `stock` VALUES (143, 140, 0, '2019-12-31 10:42:51');
INSERT INTO `stock` VALUES (144, 141, 0, '2019-12-31 10:42:51');
INSERT INTO `stock` VALUES (145, 142, 0, '2019-12-31 10:42:51');
INSERT INTO `stock` VALUES (146, 143, 0, '2019-12-31 10:42:51');
INSERT INTO `stock` VALUES (147, 144, 0, '2019-12-31 10:42:51');
INSERT INTO `stock` VALUES (148, 145, 0, '2019-12-31 10:42:51');
INSERT INTO `stock` VALUES (149, 146, 0, '2019-12-31 10:42:51');
INSERT INTO `stock` VALUES (150, 147, 0, '2019-12-31 10:42:51');
INSERT INTO `stock` VALUES (151, 148, 0, '2019-12-31 10:42:51');
INSERT INTO `stock` VALUES (152, 149, 0, '2019-12-31 10:42:51');
INSERT INTO `stock` VALUES (153, 150, 0, '2019-12-31 10:42:51');
INSERT INTO `stock` VALUES (154, 151, 0, '2019-12-31 10:42:51');
INSERT INTO `stock` VALUES (155, 152, 0, '2019-12-31 10:42:51');
INSERT INTO `stock` VALUES (156, 153, 0, '2019-12-31 10:42:51');
INSERT INTO `stock` VALUES (157, 154, 0, '2019-12-31 10:42:51');
INSERT INTO `stock` VALUES (158, 155, 0, '2019-12-31 10:42:51');
INSERT INTO `stock` VALUES (159, 156, 0, '2019-12-31 10:42:51');
INSERT INTO `stock` VALUES (160, 157, 0, '2019-12-31 10:42:51');
INSERT INTO `stock` VALUES (161, 158, 0, '2019-12-31 10:42:51');
INSERT INTO `stock` VALUES (162, 159, 0, '2019-12-31 10:42:51');
INSERT INTO `stock` VALUES (163, 160, 0, '2019-12-31 10:42:51');
INSERT INTO `stock` VALUES (164, 161, 0, '2019-12-31 10:42:51');
INSERT INTO `stock` VALUES (165, 162, 0, '2019-12-31 10:42:51');
INSERT INTO `stock` VALUES (166, 163, 0, '2019-12-31 10:42:51');
INSERT INTO `stock` VALUES (167, 164, 0, '2019-12-31 10:42:51');
INSERT INTO `stock` VALUES (168, 165, 0, '2019-12-31 10:42:51');
INSERT INTO `stock` VALUES (169, 166, 0, '2019-12-31 10:42:51');
INSERT INTO `stock` VALUES (170, 167, 0, '2019-12-31 10:42:51');
INSERT INTO `stock` VALUES (171, 168, 0, '2019-12-31 10:42:51');
INSERT INTO `stock` VALUES (172, 169, 0, '2019-12-31 10:42:51');
INSERT INTO `stock` VALUES (173, 170, 0, '2019-12-31 10:42:51');
INSERT INTO `stock` VALUES (174, 171, 0, '2019-12-31 10:42:51');
INSERT INTO `stock` VALUES (175, 172, 0, '2019-12-31 10:42:51');
INSERT INTO `stock` VALUES (176, 173, 0, '2019-12-31 10:42:51');
INSERT INTO `stock` VALUES (177, 174, -8, '2020-01-06 18:20:14');
INSERT INTO `stock` VALUES (178, 175, 0, '2019-12-31 10:42:51');
INSERT INTO `stock` VALUES (179, 176, 0, '2019-12-31 10:42:51');
INSERT INTO `stock` VALUES (180, 177, 0, '2019-12-31 10:42:51');
INSERT INTO `stock` VALUES (181, 178, 0, '2019-12-31 10:42:51');
INSERT INTO `stock` VALUES (182, 179, 0, '2019-12-31 10:42:51');
INSERT INTO `stock` VALUES (183, 180, 0, '2019-12-31 10:42:51');
INSERT INTO `stock` VALUES (184, 181, 0, '2019-12-31 10:42:51');
INSERT INTO `stock` VALUES (185, 182, 0, '2019-12-31 10:42:51');
INSERT INTO `stock` VALUES (186, 183, 0, '2019-12-31 10:42:51');
INSERT INTO `stock` VALUES (187, 184, 0, '2019-12-31 10:42:51');
INSERT INTO `stock` VALUES (188, 185, 0, '2019-12-31 10:42:51');
INSERT INTO `stock` VALUES (189, 186, 0, '2019-12-31 10:42:51');
INSERT INTO `stock` VALUES (190, 187, 0, '2019-12-31 10:42:51');
INSERT INTO `stock` VALUES (191, 188, 0, '2019-12-31 10:42:51');
INSERT INTO `stock` VALUES (192, 189, 0, '2019-12-31 10:42:51');
INSERT INTO `stock` VALUES (193, 190, 0, '2019-12-31 10:42:51');
INSERT INTO `stock` VALUES (194, 191, 0, '2019-12-31 10:42:51');
INSERT INTO `stock` VALUES (195, 192, 0, '2019-12-31 10:42:51');
INSERT INTO `stock` VALUES (196, 193, 0, '2019-12-31 10:42:51');
INSERT INTO `stock` VALUES (197, 194, 0, '2019-12-31 10:42:51');
INSERT INTO `stock` VALUES (198, 195, 0, '2019-12-31 10:42:51');
INSERT INTO `stock` VALUES (199, 196, 0, '2019-12-31 10:42:51');
INSERT INTO `stock` VALUES (200, 197, 0, '2019-12-31 10:42:51');
INSERT INTO `stock` VALUES (201, 198, 0, '2019-12-31 10:42:51');
INSERT INTO `stock` VALUES (202, 199, 0, '2019-12-31 10:42:51');
INSERT INTO `stock` VALUES (203, 200, 0, '2019-12-31 10:42:51');
INSERT INTO `stock` VALUES (204, 201, 0, '2019-12-31 10:42:51');
INSERT INTO `stock` VALUES (205, 202, 0, '2019-12-31 10:42:51');
INSERT INTO `stock` VALUES (206, 203, 0, '2019-12-31 10:42:51');
INSERT INTO `stock` VALUES (207, 204, 0, '2019-12-31 10:42:51');
INSERT INTO `stock` VALUES (208, 205, 0, '2019-12-31 10:42:51');
INSERT INTO `stock` VALUES (209, 206, 0, '2019-12-31 10:42:51');
INSERT INTO `stock` VALUES (210, 207, 0, '2019-12-31 10:42:51');
INSERT INTO `stock` VALUES (211, 208, 0, '2019-12-31 10:42:51');
INSERT INTO `stock` VALUES (212, 209, 0, '2019-12-31 10:42:51');
INSERT INTO `stock` VALUES (213, 210, 0, '2019-12-31 10:42:51');
INSERT INTO `stock` VALUES (214, 211, 0, '2019-12-31 10:42:51');
INSERT INTO `stock` VALUES (215, 212, 0, '2019-12-31 10:42:51');
INSERT INTO `stock` VALUES (216, 213, 0, '2019-12-31 10:42:51');
INSERT INTO `stock` VALUES (217, 214, 0, '2019-12-31 10:42:51');
INSERT INTO `stock` VALUES (218, 215, 0, '2019-12-31 10:42:51');
INSERT INTO `stock` VALUES (219, 216, 0, '2019-12-31 10:42:51');
INSERT INTO `stock` VALUES (220, 217, 0, '2019-12-31 10:42:51');
INSERT INTO `stock` VALUES (221, 218, 0, '2019-12-31 10:42:51');
INSERT INTO `stock` VALUES (222, 219, 0, '2019-12-31 10:42:51');
INSERT INTO `stock` VALUES (223, 220, 0, '2019-12-31 10:42:51');
INSERT INTO `stock` VALUES (224, 221, 0, '2019-12-31 10:42:51');
INSERT INTO `stock` VALUES (225, 222, 0, '2019-12-31 10:42:51');
INSERT INTO `stock` VALUES (226, 223, 0, '2019-12-31 10:42:51');
INSERT INTO `stock` VALUES (227, 224, 0, '2019-12-31 10:42:51');
INSERT INTO `stock` VALUES (228, 225, 0, '2019-12-31 10:42:51');
INSERT INTO `stock` VALUES (229, 226, 0, '2019-12-31 10:42:51');
INSERT INTO `stock` VALUES (230, 227, 0, '2019-12-31 10:42:51');
INSERT INTO `stock` VALUES (231, 228, 0, '2019-12-31 10:42:51');
INSERT INTO `stock` VALUES (232, 229, 0, '2019-12-31 10:42:51');
INSERT INTO `stock` VALUES (233, 230, 0, '2019-12-31 10:42:51');
INSERT INTO `stock` VALUES (234, 231, 0, '2019-12-31 10:42:51');
INSERT INTO `stock` VALUES (235, 232, 0, '2019-12-31 10:42:51');
INSERT INTO `stock` VALUES (236, 233, 0, '2019-12-31 10:42:51');
INSERT INTO `stock` VALUES (237, 234, 0, '2019-12-31 10:42:51');
INSERT INTO `stock` VALUES (238, 235, 0, '2019-12-31 10:42:51');
INSERT INTO `stock` VALUES (239, 236, 0, '2019-12-31 10:42:51');
INSERT INTO `stock` VALUES (240, 237, 0, '2019-12-31 10:42:51');
INSERT INTO `stock` VALUES (241, 238, 0, '2019-12-31 10:42:51');
INSERT INTO `stock` VALUES (242, 239, 0, '2019-12-31 10:42:51');
INSERT INTO `stock` VALUES (243, 240, 0, '2019-12-31 10:42:51');
INSERT INTO `stock` VALUES (244, 241, 0, '2019-12-31 10:42:51');
INSERT INTO `stock` VALUES (245, 242, 0, '2019-12-31 10:42:51');
INSERT INTO `stock` VALUES (246, 243, 0, '2019-12-31 10:42:51');
INSERT INTO `stock` VALUES (247, 244, 0, '2019-12-31 10:42:51');
INSERT INTO `stock` VALUES (248, 245, 0, '2019-12-31 10:42:51');
INSERT INTO `stock` VALUES (249, 246, 0, '2019-12-31 10:42:51');
INSERT INTO `stock` VALUES (250, 247, 0, '2019-12-31 10:42:51');
INSERT INTO `stock` VALUES (251, 248, 0, '2019-12-31 10:42:51');
INSERT INTO `stock` VALUES (252, 249, 0, '2019-12-31 10:42:51');
INSERT INTO `stock` VALUES (253, 250, 0, '2019-12-31 10:42:51');
INSERT INTO `stock` VALUES (254, 251, 0, '2019-12-31 10:42:51');
INSERT INTO `stock` VALUES (255, 252, 0, '2019-12-31 10:42:51');
INSERT INTO `stock` VALUES (256, 253, 0, '2019-12-31 10:42:51');
INSERT INTO `stock` VALUES (257, 254, 0, '2019-12-31 10:42:51');
INSERT INTO `stock` VALUES (258, 255, 0, '2019-12-31 10:42:51');
INSERT INTO `stock` VALUES (259, 256, 0, '2019-12-31 10:42:51');
INSERT INTO `stock` VALUES (260, 257, 0, '2019-12-31 10:42:51');
INSERT INTO `stock` VALUES (261, 258, 0, '2019-12-31 10:42:51');
INSERT INTO `stock` VALUES (262, 259, 0, '2019-12-31 10:42:51');
INSERT INTO `stock` VALUES (263, 260, 0, '2019-12-31 10:42:51');
INSERT INTO `stock` VALUES (264, 261, 0, '2019-12-31 10:42:51');
INSERT INTO `stock` VALUES (265, 262, 0, '2019-12-31 10:42:51');
INSERT INTO `stock` VALUES (266, 263, 0, '2019-12-31 10:42:51');
INSERT INTO `stock` VALUES (267, 264, 0, '2019-12-31 10:42:51');
INSERT INTO `stock` VALUES (268, 265, 0, '2019-12-31 10:42:51');
INSERT INTO `stock` VALUES (269, 266, 0, '2019-12-31 10:42:51');
INSERT INTO `stock` VALUES (270, 267, 0, '2019-12-31 10:42:51');
INSERT INTO `stock` VALUES (271, 268, 0, '2019-12-31 10:42:51');
INSERT INTO `stock` VALUES (272, 269, 0, '2019-12-31 10:42:51');
INSERT INTO `stock` VALUES (273, 270, 0, '2019-12-31 10:42:51');
INSERT INTO `stock` VALUES (274, 271, 0, '2019-12-31 10:42:51');
INSERT INTO `stock` VALUES (275, 272, 0, '2019-12-31 10:42:51');
INSERT INTO `stock` VALUES (276, 273, 0, '2019-12-31 10:42:51');
INSERT INTO `stock` VALUES (277, 274, 0, '2019-12-31 10:42:51');
INSERT INTO `stock` VALUES (278, 275, 0, '2019-12-31 10:42:51');
INSERT INTO `stock` VALUES (279, 276, 0, '2019-12-31 10:42:51');
INSERT INTO `stock` VALUES (280, 277, 0, '2019-12-31 10:42:51');
INSERT INTO `stock` VALUES (281, 278, 0, '2019-12-31 10:42:51');
INSERT INTO `stock` VALUES (282, 279, 0, '2019-12-31 10:42:51');
INSERT INTO `stock` VALUES (283, 280, 0, '2019-12-31 10:42:51');
INSERT INTO `stock` VALUES (284, 281, 0, '2019-12-31 10:42:51');
INSERT INTO `stock` VALUES (285, 282, 0, '2019-12-31 10:42:51');
INSERT INTO `stock` VALUES (286, 283, 0, '2019-12-31 10:42:51');
INSERT INTO `stock` VALUES (287, 284, 0, '2019-12-31 10:42:51');
INSERT INTO `stock` VALUES (288, 285, 0, '2019-12-31 10:42:51');
INSERT INTO `stock` VALUES (289, 286, 0, '2019-12-31 10:42:51');
INSERT INTO `stock` VALUES (290, 287, 0, '2019-12-31 10:42:51');
INSERT INTO `stock` VALUES (291, 288, 0, '2019-12-31 10:42:51');
INSERT INTO `stock` VALUES (292, 289, 0, '2019-12-31 10:42:51');
INSERT INTO `stock` VALUES (293, 290, 0, '2019-12-31 10:42:51');
INSERT INTO `stock` VALUES (294, 291, 0, '2019-12-31 10:42:51');
INSERT INTO `stock` VALUES (295, 292, 0, '2019-12-31 10:42:51');
INSERT INTO `stock` VALUES (296, 293, 0, '2019-12-31 10:42:51');
INSERT INTO `stock` VALUES (297, 294, 0, '2019-12-31 10:42:51');
INSERT INTO `stock` VALUES (298, 295, 0, '2019-12-31 10:42:51');
INSERT INTO `stock` VALUES (299, 296, 0, '2019-12-31 10:42:51');
INSERT INTO `stock` VALUES (300, 297, 0, '2019-12-31 10:42:51');
INSERT INTO `stock` VALUES (301, 298, 0, '2019-12-31 10:42:51');
INSERT INTO `stock` VALUES (302, 299, 0, '2019-12-31 10:42:51');
INSERT INTO `stock` VALUES (303, 300, 0, '2019-12-31 10:42:51');
INSERT INTO `stock` VALUES (304, 301, 0, '2019-12-31 10:42:51');
INSERT INTO `stock` VALUES (305, 302, 0, '2019-12-31 10:42:51');
INSERT INTO `stock` VALUES (306, 303, 0, '2019-12-31 10:42:51');
INSERT INTO `stock` VALUES (307, 304, 0, '2019-12-31 10:42:51');
INSERT INTO `stock` VALUES (308, 305, 0, '2019-12-31 10:42:51');
INSERT INTO `stock` VALUES (309, 306, 0, '2019-12-31 10:42:51');
INSERT INTO `stock` VALUES (310, 307, 0, '2019-12-31 10:42:51');
INSERT INTO `stock` VALUES (311, 308, 0, '2019-12-31 10:42:51');
INSERT INTO `stock` VALUES (312, 309, 0, '2019-12-31 10:42:51');
INSERT INTO `stock` VALUES (313, 310, 0, '2019-12-31 10:42:51');
INSERT INTO `stock` VALUES (314, 311, 0, '2019-12-31 10:42:51');
INSERT INTO `stock` VALUES (315, 312, 0, '2019-12-31 10:42:51');
INSERT INTO `stock` VALUES (316, 313, 0, '2019-12-31 10:42:51');
INSERT INTO `stock` VALUES (317, 314, 0, '2019-12-31 10:42:51');
INSERT INTO `stock` VALUES (318, 315, 0, '2019-12-31 10:42:51');
INSERT INTO `stock` VALUES (319, 316, 0, '2019-12-31 10:42:51');
INSERT INTO `stock` VALUES (320, 317, 0, '2019-12-31 10:42:51');
INSERT INTO `stock` VALUES (321, 318, 0, '2019-12-31 10:42:51');
INSERT INTO `stock` VALUES (322, 319, 0, '2019-12-31 10:42:51');
INSERT INTO `stock` VALUES (323, 320, 0, '2019-12-31 10:42:51');
INSERT INTO `stock` VALUES (324, 321, 0, '2019-12-31 10:42:51');
INSERT INTO `stock` VALUES (325, 322, 0, '2019-12-31 10:42:51');
INSERT INTO `stock` VALUES (326, 323, 0, '2019-12-31 10:42:51');
INSERT INTO `stock` VALUES (327, 324, 0, '2019-12-31 10:42:51');
INSERT INTO `stock` VALUES (328, 325, 0, '2019-12-31 10:42:51');
INSERT INTO `stock` VALUES (329, 326, 0, '2019-12-31 10:42:51');
INSERT INTO `stock` VALUES (330, 327, 0, '2019-12-31 10:42:51');
INSERT INTO `stock` VALUES (331, 328, 0, '2019-12-31 10:42:51');
INSERT INTO `stock` VALUES (332, 329, 0, '2019-12-31 10:42:51');
INSERT INTO `stock` VALUES (333, 330, 0, '2019-12-31 10:42:51');
INSERT INTO `stock` VALUES (334, 331, 0, '2019-12-31 10:42:51');
INSERT INTO `stock` VALUES (335, 332, 0, '2019-12-31 10:42:51');
INSERT INTO `stock` VALUES (336, 333, 0, '2019-12-31 10:42:51');
INSERT INTO `stock` VALUES (337, 334, 0, '2019-12-31 10:42:51');
INSERT INTO `stock` VALUES (338, 335, 0, '2019-12-31 10:42:51');
INSERT INTO `stock` VALUES (339, 336, 0, '2019-12-31 10:42:51');
INSERT INTO `stock` VALUES (340, 337, 0, '2019-12-31 10:42:51');
INSERT INTO `stock` VALUES (341, 338, 0, '2019-12-31 10:42:51');
INSERT INTO `stock` VALUES (342, 339, 0, '2019-12-31 10:42:51');
INSERT INTO `stock` VALUES (343, 340, 0, '2019-12-31 10:42:51');
INSERT INTO `stock` VALUES (344, 341, 0, '2019-12-31 10:42:51');
INSERT INTO `stock` VALUES (345, 342, 0, '2019-12-31 10:42:51');
INSERT INTO `stock` VALUES (346, 343, 0, '2019-12-31 10:42:51');
INSERT INTO `stock` VALUES (347, 344, 0, '2019-12-31 10:42:51');
INSERT INTO `stock` VALUES (348, 345, 0, '2019-12-31 10:42:51');
INSERT INTO `stock` VALUES (349, 346, 0, '2019-12-31 10:42:51');
INSERT INTO `stock` VALUES (350, 347, 0, '2019-12-31 10:42:51');
INSERT INTO `stock` VALUES (351, 348, 0, '2019-12-31 10:42:51');
INSERT INTO `stock` VALUES (352, 349, 0, '2019-12-31 10:42:51');
INSERT INTO `stock` VALUES (353, 350, 0, '2019-12-31 10:42:51');
INSERT INTO `stock` VALUES (354, 351, 0, '2019-12-31 10:42:51');
INSERT INTO `stock` VALUES (355, 352, 0, '2019-12-31 10:42:51');
INSERT INTO `stock` VALUES (356, 353, 0, '2019-12-31 10:42:51');
INSERT INTO `stock` VALUES (357, 354, 0, '2019-12-31 10:42:51');
INSERT INTO `stock` VALUES (358, 355, 0, '2019-12-31 10:42:51');
INSERT INTO `stock` VALUES (359, 356, 0, '2019-12-31 10:42:51');
INSERT INTO `stock` VALUES (360, 357, 0, '2019-12-31 10:42:51');
INSERT INTO `stock` VALUES (361, 358, 0, '2019-12-31 10:42:51');
INSERT INTO `stock` VALUES (362, 359, 0, '2019-12-31 10:42:51');
INSERT INTO `stock` VALUES (363, 360, 0, '2019-12-31 10:42:51');
INSERT INTO `stock` VALUES (364, 361, 0, '2019-12-31 10:42:51');
INSERT INTO `stock` VALUES (365, 362, 0, '2019-12-31 10:42:51');
INSERT INTO `stock` VALUES (366, 363, 0, '2019-12-31 10:42:51');
INSERT INTO `stock` VALUES (367, 364, 0, '2019-12-31 10:42:51');
INSERT INTO `stock` VALUES (368, 365, 0, '2019-12-31 10:42:51');
INSERT INTO `stock` VALUES (369, 366, 0, '2019-12-31 10:42:51');
INSERT INTO `stock` VALUES (370, 367, 0, '2019-12-31 10:42:51');
INSERT INTO `stock` VALUES (371, 368, 0, '2019-12-31 10:42:51');
INSERT INTO `stock` VALUES (372, 369, 0, '2019-12-31 10:42:51');
INSERT INTO `stock` VALUES (373, 370, 0, '2019-12-31 10:42:51');
INSERT INTO `stock` VALUES (374, 371, 0, '2019-12-31 10:42:51');
INSERT INTO `stock` VALUES (375, 372, 0, '2019-12-31 10:42:51');
INSERT INTO `stock` VALUES (376, 373, 0, '2019-12-31 10:42:51');
INSERT INTO `stock` VALUES (377, 374, 0, '2019-12-31 10:42:51');
INSERT INTO `stock` VALUES (378, 375, 0, '2019-12-31 10:42:51');
INSERT INTO `stock` VALUES (379, 376, 0, '2019-12-31 10:42:51');
INSERT INTO `stock` VALUES (380, 377, 0, '2019-12-31 10:42:51');
INSERT INTO `stock` VALUES (381, 378, 0, '2019-12-31 10:42:51');
INSERT INTO `stock` VALUES (382, 379, 0, '2019-12-31 10:42:51');
INSERT INTO `stock` VALUES (383, 380, 0, '2019-12-31 10:42:51');
INSERT INTO `stock` VALUES (384, 381, 0, '2019-12-31 10:42:51');
INSERT INTO `stock` VALUES (385, 382, 0, '2019-12-31 10:42:51');
INSERT INTO `stock` VALUES (386, 383, 0, '2019-12-31 10:42:51');
INSERT INTO `stock` VALUES (387, 384, 0, '2019-12-31 10:42:51');
INSERT INTO `stock` VALUES (388, 385, 0, '2019-12-31 10:42:51');
INSERT INTO `stock` VALUES (389, 386, 0, '2019-12-31 10:42:51');
INSERT INTO `stock` VALUES (390, 387, 0, '2019-12-31 10:42:51');
INSERT INTO `stock` VALUES (391, 388, 0, '2019-12-31 10:42:51');
INSERT INTO `stock` VALUES (392, 389, 0, '2019-12-31 10:42:51');
INSERT INTO `stock` VALUES (393, 390, 0, '2019-12-31 10:42:51');
INSERT INTO `stock` VALUES (394, 391, 0, '2019-12-31 10:42:51');
INSERT INTO `stock` VALUES (395, 392, 0, '2019-12-31 10:42:51');
INSERT INTO `stock` VALUES (396, 393, 0, '2019-12-31 10:42:51');
INSERT INTO `stock` VALUES (397, 394, 0, '2019-12-31 10:42:51');
INSERT INTO `stock` VALUES (398, 395, 0, '2019-12-31 10:42:51');
INSERT INTO `stock` VALUES (399, 396, 0, '2019-12-31 10:42:51');
INSERT INTO `stock` VALUES (400, 397, 0, '2019-12-31 10:42:51');
INSERT INTO `stock` VALUES (401, 398, 0, '2019-12-31 10:42:51');
INSERT INTO `stock` VALUES (402, 399, 0, '2019-12-31 10:42:51');
INSERT INTO `stock` VALUES (403, 400, 0, '2019-12-31 10:42:51');
INSERT INTO `stock` VALUES (404, 401, 0, '2019-12-31 10:42:51');
INSERT INTO `stock` VALUES (405, 402, 0, '2019-12-31 10:42:51');
INSERT INTO `stock` VALUES (406, 403, 0, '2019-12-31 10:42:51');
INSERT INTO `stock` VALUES (407, 404, 0, '2019-12-31 10:42:51');
INSERT INTO `stock` VALUES (408, 405, 0, '2019-12-31 10:42:51');
INSERT INTO `stock` VALUES (409, 406, 0, '2019-12-31 10:42:51');
INSERT INTO `stock` VALUES (410, 407, 0, '2019-12-31 10:42:51');
INSERT INTO `stock` VALUES (411, 408, 0, '2019-12-31 10:42:51');
INSERT INTO `stock` VALUES (412, 409, 0, '2019-12-31 10:42:51');
INSERT INTO `stock` VALUES (413, 410, 0, '2019-12-31 10:42:51');
INSERT INTO `stock` VALUES (414, 411, 0, '2019-12-31 10:42:51');
INSERT INTO `stock` VALUES (415, 412, 0, '2019-12-31 10:42:51');
INSERT INTO `stock` VALUES (416, 413, 0, '2019-12-31 10:42:51');
INSERT INTO `stock` VALUES (417, 414, 0, '2019-12-31 10:42:51');
INSERT INTO `stock` VALUES (418, 415, 0, '2019-12-31 10:42:51');
INSERT INTO `stock` VALUES (419, 416, 0, '2019-12-31 10:42:51');
INSERT INTO `stock` VALUES (420, 417, 0, '2019-12-31 10:42:51');
INSERT INTO `stock` VALUES (421, 418, 0, '2019-12-31 10:42:51');
INSERT INTO `stock` VALUES (422, 419, 0, '2019-12-31 10:42:51');
INSERT INTO `stock` VALUES (423, 420, 0, '2019-12-31 10:42:51');
INSERT INTO `stock` VALUES (424, 421, 0, '2019-12-31 10:42:51');
INSERT INTO `stock` VALUES (425, 422, 0, '2019-12-31 10:42:51');
INSERT INTO `stock` VALUES (426, 423, 0, '2019-12-31 10:42:51');
INSERT INTO `stock` VALUES (427, 424, 0, '2019-12-31 10:42:51');
INSERT INTO `stock` VALUES (428, 425, 0, '2019-12-31 10:42:51');
INSERT INTO `stock` VALUES (429, 426, 0, '2019-12-31 10:42:51');
INSERT INTO `stock` VALUES (430, 427, 0, '2019-12-31 10:42:51');
INSERT INTO `stock` VALUES (431, 428, 0, '2019-12-31 10:42:51');
INSERT INTO `stock` VALUES (432, 429, 0, '2019-12-31 10:42:51');
INSERT INTO `stock` VALUES (433, 430, 0, '2019-12-31 10:42:51');
INSERT INTO `stock` VALUES (434, 431, 0, '2019-12-31 10:42:51');
INSERT INTO `stock` VALUES (435, 432, 0, '2019-12-31 10:42:51');
INSERT INTO `stock` VALUES (436, 433, 0, '2019-12-31 10:42:51');
INSERT INTO `stock` VALUES (437, 434, 0, '2019-12-31 10:42:51');
INSERT INTO `stock` VALUES (438, 435, 0, '2019-12-31 10:42:51');
INSERT INTO `stock` VALUES (439, 436, 0, '2019-12-31 10:42:51');
INSERT INTO `stock` VALUES (440, 437, 0, '2019-12-31 10:42:51');
INSERT INTO `stock` VALUES (441, 438, 0, '2019-12-31 10:42:51');
INSERT INTO `stock` VALUES (442, 439, 0, '2019-12-31 10:42:51');
INSERT INTO `stock` VALUES (443, 440, 0, '2019-12-31 10:42:51');
INSERT INTO `stock` VALUES (444, 441, 0, '2019-12-31 10:42:51');
INSERT INTO `stock` VALUES (445, 442, 0, '2019-12-31 10:42:51');
INSERT INTO `stock` VALUES (446, 443, 0, '2019-12-31 10:42:51');
INSERT INTO `stock` VALUES (447, 444, 0, '2019-12-31 10:42:51');
INSERT INTO `stock` VALUES (448, 445, 0, '2019-12-31 10:42:51');
INSERT INTO `stock` VALUES (449, 446, 0, '2019-12-31 10:42:51');
INSERT INTO `stock` VALUES (450, 447, 0, '2019-12-31 10:42:51');
INSERT INTO `stock` VALUES (451, 448, 0, '2019-12-31 10:42:51');
INSERT INTO `stock` VALUES (452, 449, 0, '2019-12-31 10:42:51');
INSERT INTO `stock` VALUES (453, 450, 0, '2019-12-31 10:42:51');
INSERT INTO `stock` VALUES (454, 451, 0, '2019-12-31 10:42:51');
INSERT INTO `stock` VALUES (455, 452, 0, '2019-12-31 10:42:51');
INSERT INTO `stock` VALUES (456, 453, 0, '2019-12-31 10:42:51');
INSERT INTO `stock` VALUES (458, 455, 0, '2019-12-31 10:42:51');
INSERT INTO `stock` VALUES (459, 456, 0, '2019-12-31 10:42:51');
INSERT INTO `stock` VALUES (460, 457, 0, '2019-12-31 10:42:51');
INSERT INTO `stock` VALUES (461, 458, 0, '2019-12-31 10:42:51');
INSERT INTO `stock` VALUES (462, 459, 0, '2019-12-31 10:42:51');
INSERT INTO `stock` VALUES (463, 460, 460, '2020-01-02 11:32:52');
INSERT INTO `stock` VALUES (464, 461, 0, '2019-12-31 10:42:51');
INSERT INTO `stock` VALUES (465, 462, 0, '2019-12-31 10:42:51');
INSERT INTO `stock` VALUES (466, 463, 0, '2019-12-31 10:42:51');
INSERT INTO `stock` VALUES (467, 464, 0, '2019-12-31 10:42:51');
INSERT INTO `stock` VALUES (468, 465, 0, '2019-12-31 10:42:51');
INSERT INTO `stock` VALUES (469, 466, 0, '2019-12-31 10:42:51');
INSERT INTO `stock` VALUES (470, 467, 0, '2019-12-31 10:42:51');
INSERT INTO `stock` VALUES (471, 468, 0, '2019-12-31 10:42:51');
INSERT INTO `stock` VALUES (472, 469, 0, '2019-12-31 10:42:51');
INSERT INTO `stock` VALUES (473, 470, 500, '2019-12-31 15:45:02');
INSERT INTO `stock` VALUES (474, 471, 0, '2019-12-31 10:42:51');
INSERT INTO `stock` VALUES (475, 472, 0, '2019-12-31 10:42:51');
INSERT INTO `stock` VALUES (476, 473, 0, '2019-12-31 10:42:51');
INSERT INTO `stock` VALUES (477, 474, 0, '2019-12-31 10:42:51');
INSERT INTO `stock` VALUES (478, 475, 0, '2019-12-31 10:42:51');
INSERT INTO `stock` VALUES (479, 476, 2, '2020-01-06 14:28:51');
INSERT INTO `stock` VALUES (8581, 8582, -30, '2020-01-06 16:40:32');
INSERT INTO `stock` VALUES (8582, 8583, 23, '2020-01-02 14:28:27');
INSERT INTO `stock` VALUES (8583, 8584, -10, '2020-01-06 16:02:58');
INSERT INTO `stock` VALUES (8584, 8585, 500, '2020-01-06 14:12:01');

-- ----------------------------
-- Table structure for users
-- ----------------------------
DROP TABLE IF EXISTS `users`;
CREATE TABLE `users`  (
  `userId` int(11) NOT NULL AUTO_INCREMENT COMMENT '用户id',
  `userName` varchar(50) CHARACTER SET utf8 COLLATE utf8_general_ci NOT NULL DEFAULT '' COMMENT '用户名',
  `userPassword` varchar(50) CHARACTER SET utf8 COLLATE utf8_general_ci NOT NULL DEFAULT '' COMMENT '密码',
  `userSex` int(1) NOT NULL DEFAULT 0 COMMENT '性别',
  `userPhone` varchar(20) CHARACTER SET utf8 COLLATE utf8_general_ci NOT NULL DEFAULT '0' COMMENT '电话',
  `userEmail` varchar(100) CHARACTER SET utf8 COLLATE utf8_general_ci DEFAULT '' COMMENT '邮箱',
  `createTime` varchar(50) CHARACTER SET utf8 COLLATE utf8_general_ci DEFAULT NULL COMMENT '创建时间',
  `updateTime` timestamp NOT NULL DEFAULT CURRENT_TIMESTAMP ON UPDATE CURRENT_TIMESTAMP COMMENT '更新时间',
  PRIMARY KEY USING BTREE (`userId`)
) ENGINE = InnoDB AUTO_INCREMENT = 65 CHARACTER SET = utf8 COLLATE = utf8_general_ci COMMENT = '用户表' ROW_FORMAT = Compact;

-- ----------------------------
-- Records of users
-- ----------------------------
INSERT INTO `users` VALUES (1, 'zhangsan1111', 'a123456', 1, '1234657999', '1564968@163.com', NULL, '2019-12-31 13:42:22');
INSERT INTO `users` VALUES (3, 'zhangsa', 'a123456', 1, '15975328546', '1564968@163.com', NULL, '2019-12-26 17:28:21');
INSERT INTO `users` VALUES (4, 'zhangsan', 'a123456', 0, '13951662735', 'guandz@163.com', NULL, '2020-01-03 09:36:18');
INSERT INTO `users` VALUES (5, 'zhangsan1', 'a123456', 1, '1234657999', '1564968@163.com', NULL, '2019-12-27 10:52:15');
INSERT INTO `users` VALUES (6, 'zhangsan2223', 'a123456', 1, '1234657999', '1564968@163.com', NULL, '2019-12-31 14:09:16');
INSERT INTO `users` VALUES (8, 'zhangsan4', 'a123456', 0, '1234657999', '1564968@163.com', NULL, '2020-01-03 09:36:08');
INSERT INTO `users` VALUES (9, 'zhangsan5', 'a123456', 0, '1234657999', '1564968@163.com', NULL, '2020-01-03 09:36:05');
INSERT INTO `users` VALUES (10, 'zhangsan6', 'a123456', 1, '1234657999', '1564968@163.com', NULL, '2019-12-27 10:52:20');
INSERT INTO `users` VALUES (14, 'zhangsan123456', 'a123456', 0, '12345678', '1608917092@qq.com', NULL, '2020-01-03 09:35:59');
INSERT INTO `users` VALUES (20, 'zhangsan', 'abc123', 1, '12345678', '1608917092@qq.com', NULL, '2020-01-02 09:28:34');
INSERT INTO `users` VALUES (21, 'zhangsan', 'qqqqqqq', 1, '12345678', '1608917092@qq.com', NULL, '2020-01-03 09:47:24');
INSERT INTO `users` VALUES (22, 'zhangsan', 'zzz', 1, '12345678', '1608917092@qq.com', NULL, '2020-01-03 10:39:06');
INSERT INTO `users` VALUES (23, 'zhangsan', '111111111', 1, '12345678', '1608917092@qq.com', NULL, '2020-01-03 10:45:35');
INSERT INTO `users` VALUES (24, 'zhangsan', 'aaaa', 1, '12345678', '1608917092@qq.com', NULL, '2020-01-03 10:52:23');
INSERT INTO `users` VALUES (25, 'zhangsan', '111', 1, '12345678', '1608917092@qq.com', NULL, '2020-01-03 10:52:43');
INSERT INTO `users` VALUES (26, 'zhangsan', '777', 1, '12345678', '1608917092@qq.com', NULL, '2020-01-03 10:54:11');
INSERT INTO `users` VALUES (27, 'zhangsan', '222', 1, '12345678', '1608917092@qq.com', NULL, '2020-01-03 11:24:56');
INSERT INTO `users` VALUES (28, 'zhangsan', '11111111', 1, '12345678', '1608917092@qq.com', NULL, '2020-01-03 11:27:40');
INSERT INTO `users` VALUES (29, 'zhangsan', '1111111111', 1, '12345678', '1608917092@qq.com', NULL, '2020-01-03 11:44:25');
INSERT INTO `users` VALUES (30, 'zhangsan17', '111', 1, '12345678', '1608917092@qq.com', NULL, '2020-01-03 11:44:40');
INSERT INTO `users` VALUES (31, 'zhangsan', '777777', 1, '12345678', '1608917092@qq.com', NULL, '2020-01-03 11:59:18');
INSERT INTO `users` VALUES (32, 'zhangsan99', 'QQQ', 1, '12345678', '1608917092@qq.com', NULL, '2020-01-03 13:42:05');
INSERT INTO `users` VALUES (33, 'zhangsan', '1111111', 1, '12345678', '1608917092@qq.com', NULL, '2020-01-03 13:42:53');
INSERT INTO `users` VALUES (34, 'lisi', '111', 1, '12345678', '1608917092@qq.com', NULL, '2020-01-03 13:46:30');
INSERT INTO `users` VALUES (35, 'wangwu', 'a123456', 1, '12345678', '1608917092@qq.com', NULL, '2020-01-03 14:04:46');
INSERT INTO `users` VALUES (36, 'weixiaobao', '123456', 1, '12345678', '1608917092@qq.com', NULL, '2020-01-03 14:15:41');
INSERT INTO `users` VALUES (37, 'daxiong', 'a123456', 1, '15055654625', '16089@qq.com', NULL, '2020-01-03 17:29:21');
INSERT INTO `users` VALUES (38, 'daxiong1', 'a123456', 1, '15055654625', '16089@qq.com', NULL, '2020-01-03 17:30:56');
INSERT INTO `users` VALUES (39, 'daxion', 'a123', 1, '15055654625', '16089@qq.com', NULL, '2020-01-05 14:31:18');
INSERT INTO `users` VALUES (40, 'ppd', 'a123', 1, 'aaaa', '16089@qq.com', NULL, '2020-01-05 14:32:24');
INSERT INTO `users` VALUES (43, 'aaaaaaa', 'z123456', 1, '15055654625', '16089@qq.com', NULL, '2020-01-05 15:04:15');
INSERT INTO `users` VALUES (45, 'alopp', 'a123456', 1, '15055654625', '16089@qq.com', NULL, '2020-01-05 16:11:55');
INSERT INTO `users` VALUES (47, 'we', 'a123456', 1, '15055654625', '16089@qq.com', NULL, '2020-01-05 16:19:12');
INSERT INTO `users` VALUES (48, 'qwer', 'a123456', 1, '15055654625', '16089@qq.com', NULL, '2020-01-05 16:30:08');
INSERT INTO `users` VALUES (51, 'zhourunfa', 'a223344', 1, '12345678', '1608917092@qq.com', NULL, '2020-01-06 11:48:26');
INSERT INTO `users` VALUES (52, 'zhangsan666', 'a123456', 1, '1234657999', '1564968@163.com', NULL, '2020-01-06 16:58:38');
INSERT INTO `users` VALUES (53, 'people', 'a123456', 1, '15055654625', '16089@qq.com', NULL, '2020-01-07 08:36:14');
INSERT INTO `users` VALUES (54, 'lol', 'a123456', 1, '15055654625', '16089@qq.com', NULL, '2020-01-07 08:39:31');
INSERT INTO `users` VALUES (55, '', 'a123456', 1, '15055654625', '16089@qq.com', NULL, '2020-01-07 08:42:57');
INSERT INTO `users` VALUES (56, 'omg', 'a123456', 1, '15055654625', '16089@qq.com', NULL, '2020-01-07 08:44:56');
INSERT INTO `users` VALUES (57, 'ig', 'a123456', 1, '15055654625', '16089@qq.com', NULL, '2020-01-07 09:23:02');
INSERT INTO `users` VALUES (58, 'pop', 'a123456', 1, '15055654625', '16089@qq.com', NULL, '2020-01-07 10:06:52');
INSERT INTO `users` VALUES (59, '1111', 'a123456', 1, '15055654625', '16089@qq.com', NULL, '2020-01-07 11:28:46');
INSERT INTO `users` VALUES (60, 'wangbaoqiang', 'a112233', 1, '14526356993', '2263249893@qq.com', NULL, '2020-01-07 11:50:06');
INSERT INTO `users` VALUES (61, 'zhangsanfeng', 'a123456', 1, '15055654625', '16089@qq.com', NULL, '2020-01-07 12:38:25');
INSERT INTO `users` VALUES (62, 'zhangsanf', 'aaaaaaaaaaaaaaa', 1, '15055654625', '16089@qq.com', NULL, '2020-01-07 12:47:20');
INSERT INTO `users` VALUES (63, 'zhangsanff', 'aaaaaaaaaaaaaaa', 1, '15055654625', '16089@qq.com', NULL, '2020-01-07 12:49:22');
INSERT INTO `users` VALUES (64, 'zhangsanq', 'aaaaaaaaaaaaaaa', 1, '15055654625', '16089@qq.com', NULL, '2020-01-07 12:55:28');

SET FOREIGN_KEY_CHECKS = 1;
commit;